panel,gene,panel_rank,plain_rf_rank,is_de,in_other_panel
recursieve,SAT1,1,1,True,True
recursieve,ST6GALNAC3,2,17,True,True
recursieve,LINC00486,3,2,True,True
recursieve,NEAT1,4,3,True,True
recursieve,MEF2C,5,12,True,True
recursieve,ST6GAL1,6,33,True,False
recursieve,LINC02798,7,56,True,False
recursieve,LUC7L3,8,62,True,False
recursieve,C3,9,41,True,False
recursieve,NAV3,10,18,True,True
recursieve,RBM25,11,68,True,False
recursieve,ATRX,12,73,False,False
recursieve,PNISR,13,31,True,False
recursieve,LNCAROD,14,5,True,True
recursieve,SDK1,15,48,True,False
recursieve,HSP90AA1,16,9,True,True
recursieve,ENSG00000285534,17,29,True,False
recursieve,SYNDIG1,18,11,True,True
recursieve,PRPF38B,19,158,False,False
recursieve,CD74,20,76,False,False
plain_rf,SAT1,1,1,True,True
plain_rf,LINC00486,2,2,True,True
plain_rf,NEAT1,3,3,True,True
plain_rf,DPYD,4,4,True,False
plain_rf,LNCAROD,5,5,True,True
plain_rf,IL6ST,6,6,True,False
plain_rf,ENSG00000253496,7,7,True,False
plain_rf,CX3CR1,8,8,True,False
plain_rf,HSP90AA1,9,9,True,True
plain_rf,SON,10,10,True,False
plain_rf,SYNDIG1,11,11,True,True
plain_rf,MEF2C,12,12,True,True
plain_rf,CD83,13,13,True,False
plain_rf,RASGEF1C,14,14,True,False
plain_rf,LINC02742,15,15,True,False
plain_rf,ITGAX,16,16,True,False
plain_rf,ST6GALNAC3,17,17,True,True
plain_rf,NAV3,18,18,True,True
plain_rf,STK32B,19,19,True,False
plain_rf,TMSB4X,20,20,True,False
