run,first_gene,first_auc,mean_later_auc,n_genes,stop_reason,min_flip_rate,final_flip_rate,jaccard
observed,SAT1,0.9239739374010474,0.9766878181883464,20,threshold,0.006891798759476223,0.006891798759476223,1.0
shuffle_1,MTCH1,0.5026001705029838,0.5029966164125346,20,max_iterations,0.015851137146795313,0.02377670572019297,0.0
shuffle_2,TRPC7,0.5003592741444404,0.4957072268971993,20,max_iterations,0.016195727084769126,0.049276361130255,0.0
shuffle_3,SCAPER,0.4938618925831202,0.49851153000633136,20,max_iterations,0.01757408683666437,0.09441764300482426,0.02564102564102564
shuffle_4,B4GAT1-DT,0.4865424430641822,0.5094894788305333,20,max_iterations,0.022398345968297727,0.028945554789800137,0.02564102564102564
shuffle_5,NAGK,0.5413347947874803,0.504336418719593,20,max_iterations,0.015506547208821502,0.051688490696071676,0.0
shuffle_6,BEX2,0.5226403604920229,0.5204915756049848,20,max_iterations,0.024810475534114404,0.049276361130255,0.0
shuffle_7,LINC01500,0.5089453172573377,0.5307318817112471,20,max_iterations,0.014817367332873881,0.04548587181254307,0.0
shuffle_8,LINC01725,0.539106077213494,0.4936742939049572,20,max_iterations,0.013783597518952447,0.23914541695382494,0.0
shuffle_9,ENSG00000226622,0.5498843015467056,0.4961329678514861,20,max_iterations,0.01791867677463818,0.018607856650585803,0.05263157894736842
shuffle_10,PRICKLE2-AS1,0.49798441115576664,0.507586533151185,20,max_iterations,0.014817367332873881,0.05995864920744314,0.02564102564102564
shuffle_11,ENSG00000254444,0.5022957008890513,0.5072757994876278,20,max_iterations,0.013094417643004824,0.04548587181254307,0.0
shuffle_12,C4orf3,0.5033613445378151,0.5104560063460588,20,max_iterations,0.019986216402481046,0.05823569951757409,0.0
shuffle_13,NOL8,0.4905614419680916,0.4935189628566274,20,max_iterations,0.015161957270847692,0.18607856650585802,0.0
shuffle_14,LINC02427,0.5044026306174644,0.5052135772310471,20,max_iterations,0.01791867677463818,0.042729152308752585,0.05263157894736842
shuffle_15,STAC,0.508695652173913,0.5006259474168977,20,max_iterations,0.015161957270847692,0.05961405926946933,0.0
shuffle_16,CCBE1,0.49573133601266595,0.5002639101821978,20,max_iterations,0.01826326671261199,0.2625775327360441,0.05263157894736842
shuffle_17,UPF3A,0.5135488978199976,0.5118955413951646,20,max_iterations,0.021709166092350102,0.057891109579600274,0.02564102564102564
shuffle_18,GRIA1,0.4820302033857022,0.49059798478893224,20,max_iterations,0.016195727084769126,0.019641626464507237,0.0
shuffle_19,NAGK,0.48288880769699183,0.496963149979271,20,max_iterations,0.018607856650585803,0.17849758787043418,0.0
shuffle_20,ENSG00000226571,0.5126537571550359,0.49367222635549335,20,max_iterations,0.015851137146795313,0.0585802894555479,0.0
shuffle_21,PCDH9,0.5115272195834855,0.5021261268487875,20,max_iterations,0.015851137146795313,0.07960027567195038,0.0
shuffle_22,ZC3H12A,0.48935574229691875,0.4893086763151358,20,max_iterations,0.01722949689869056,0.2067539627842867,0.0
shuffle_23,ADAMTS17,0.5215320910973085,0.5100419730413265,20,max_iterations,0.016540317022742935,0.07512060647829083,0.0
shuffle_24,SHCBP1L,0.5015284374619413,0.49498393270581376,20,max_iterations,0.013783597518952447,0.013783597518952447,0.0
shuffle_25,SDK1-AS1,0.47839483619534773,0.5197732918421369,20,max_iterations,0.01791867677463818,0.041006202618883526,0.0
