gene,accuracy,auc
HSP90AA1,0.7672593153016833,0.8494173740874581
KCNIP4,0.7087195006620012,0.7605398908905856
SNHG14,0.9306790240211841,0.9860589949325921
RALYL,0.9333270285606204,0.9869771258475868
ERBB4,0.9341781728768678,0.9884020992310236
LUC7L3,0.9417439001324003,0.9885303039876504
COPG2,0.9406090410440704,0.9875152739031999
SLC24A2,0.9402307546812937,0.9891478562351977
WWOX,0.9374881785511632,0.9879557674911071
NCAM2,0.9372044637790807,0.9894525448416663
DPP10,0.9380556080953282,0.9892224654271278
RBM25,0.9378664649139399,0.98842088538487
FRMD5,0.9378664649139399,0.9890460276619447
CNTN5,0.9402307546812937,0.9903948304419458
ANKRD12,0.9414601853603177,0.9898484770352035
DOCK4,0.9463779080764139,0.9915926840749715
SPOCK1,0.9443919046718365,0.9907729045530344
HS6ST3,0.9429733308114242,0.9908547382186887
FHIT,0.9365424626442217,0.9889684323948714
ROBO2,0.9439190467183658,0.9907611224563728
PLCL1,0.9371098921883866,0.9893700717563563
NPAS3,0.9445810478532249,0.9907081753767927
MAN2A1,0.9375827501418574,0.9895997176269158
SLC44A1,0.9396633251371288,0.9900932518562918
ARAP2,0.9425004728579535,0.9899349233368673
ELMO1,0.9429733308114242,0.9907208647102085
DIP2B,0.941649328541706,0.9904089289181138
GRID2,0.9450539058066957,0.9913728968256174
FRYL,0.9406090410440704,0.9899504209538944
ENSG00000230021,0.9460941933043314,0.9915557170063581
ZC3H13,0.9426896160393418,0.9905939759869721
EDIL3,0.9451484773973898,0.9906370940562862
DPYD,0.9431624739928126,0.9910160658225342
ZNF91,0.9454321921694723,0.9912114725757795
