scenario,seed,method,n_recovered,panel_size
null,0,Wilcoxon,0,50
null,0,TTest,0,50
null,0,LogReg,0,50
null,0,recursieve,0,13
null,1,Wilcoxon,0,50
null,1,TTest,0,50
null,1,LogReg,0,50
null,1,recursieve,0,39
null,2,Wilcoxon,0,50
null,2,TTest,0,50
null,2,LogReg,0,50
null,2,recursieve,0,50
null,3,Wilcoxon,0,50
null,3,TTest,0,50
null,3,LogReg,0,50
null,3,recursieve,0,50
null,4,Wilcoxon,0,50
null,4,TTest,0,50
null,4,LogReg,0,50
null,4,recursieve,0,50
trimodal,0,Wilcoxon,0,50
trimodal,0,TTest,0,50
trimodal,0,LogReg,0,50
trimodal,0,recursieve,2,38
trimodal,1,Wilcoxon,0,50
trimodal,1,TTest,0,50
trimodal,1,LogReg,0,50
trimodal,1,recursieve,0,27
trimodal,2,Wilcoxon,0,50
trimodal,2,TTest,0,50
trimodal,2,LogReg,0,50
trimodal,2,recursieve,4,38
trimodal,3,Wilcoxon,0,50
trimodal,3,TTest,0,50
trimodal,3,LogReg,0,50
trimodal,3,recursieve,0,32
trimodal,4,Wilcoxon,0,50
trimodal,4,TTest,0,50
trimodal,4,LogReg,0,50
trimodal,4,recursieve,0,50
skew,0,Wilcoxon,0,50
skew,0,TTest,0,50
skew,0,LogReg,0,50
skew,0,recursieve,5,33
skew,1,Wilcoxon,0,50
skew,1,TTest,0,50
skew,1,LogReg,0,50
skew,1,recursieve,0,25
skew,2,Wilcoxon,0,50
skew,2,TTest,0,50
skew,2,LogReg,0,50
skew,2,recursieve,9,44
skew,3,Wilcoxon,0,50
skew,3,TTest,0,50
skew,3,LogReg,0,50
skew,3,recursieve,1,39
skew,4,Wilcoxon,0,50
skew,4,TTest,0,50
skew,4,LogReg,0,50
skew,4,recursieve,1,42
coexpression,0,Wilcoxon,2,50
coexpression,0,TTest,1,50
coexpression,0,LogReg,1,50
coexpression,0,recursieve,6,42
coexpression,1,Wilcoxon,2,50
coexpression,1,TTest,1,50
coexpression,1,LogReg,0,50
coexpression,1,recursieve,0,35
coexpression,2,Wilcoxon,0,50
coexpression,2,TTest,0,50
coexpression,2,LogReg,1,50
coexpression,2,recursieve,0,47
coexpression,3,Wilcoxon,0,50
coexpression,3,TTest,0,50
coexpression,3,LogReg,0,50
coexpression,3,recursieve,0,38
coexpression,4,Wilcoxon,0,50
coexpression,4,TTest,1,50
coexpression,4,LogReg,0,50
coexpression,4,recursieve,0,48
bimodal,0,Wilcoxon,2,50
bimodal,0,TTest,0,50
bimodal,0,LogReg,0,50
bimodal,0,recursieve,0,42
bimodal,1,Wilcoxon,0,50
bimodal,1,TTest,0,50
bimodal,1,LogReg,0,50
bimodal,1,recursieve,1,35
bimodal,2,Wilcoxon,0,50
bimodal,2,TTest,0,50
bimodal,2,LogReg,0,50
bimodal,2,recursieve,7,50
bimodal,3,Wilcoxon,0,50
bimodal,3,TTest,0,50
bimodal,3,LogReg,0,50
bimodal,3,recursieve,0,46
bimodal,4,Wilcoxon,0,50
bimodal,4,TTest,0,50
bimodal,4,LogReg,0,50
bimodal,4,recursieve,0,20
