seed,first_gene,auc,oob,margin,n_genes,jaccard
42,NEAT1,0.9297543695931985,0.8247441520467836,0.031059906785715165,18,1.0
43,NEAT1,0.9193606646854597,0.8276681286549707,0.017906200987474974,20,0.8095238095238095
44,NEAT1,0.9313118627487319,0.8302266081871345,0.02760250055367807,20,0.9
45,NEAT1,0.9301155800917054,0.8285818713450293,0.02591333168194046,16,0.8888888888888888
46,NEAT1,0.9236428623860679,0.8282163742690059,0.02815311222698976,21,0.8571428571428571
47,NEAT1,0.9230708851982915,0.8278508771929824,0.02457973458964577,17,0.9444444444444444
48,NEAT1,0.9274853571659585,0.8256578947368421,0.032848250741431786,16,0.8888888888888888
49,NEAT1,0.9305509223223001,0.8221856725146199,0.015530066706567161,16,0.8888888888888888
50,NEAT1,0.9279708473329656,0.8260233918128655,0.03194883608913719,20,0.9
51,NEAT1,0.9345162432073166,0.827485380116959,0.02833485782609512,15,0.8333333333333334
