panel,n_genes,accuracy,auc
all_genes,2000,0.8218243819266837,0.9297543695931985
recursieve,18,0.80306905370844,0.8962642694499497
plain_rf_topN,18,0.8154305200341005,0.9120710443634809
random_1,18,0.5144927536231884,0.526861851156564
random_2,18,0.5733162830349531,0.5874772608179637
random_3,18,0.5430520034100597,0.5456676907020639
random_4,18,0.6005967604433078,0.6389661094431472
random_5,18,0.597612958226769,0.6228860646152528
random_6,18,0.5703324808184144,0.610700479457879
random_7,18,0.6150895140664961,0.6492395319816648
random_8,18,0.5886615515771526,0.6110580560479502
random_9,18,0.5635123614663257,0.5916980454660088
random_10,18,0.5571184995737425,0.577059208723706
