cells,genes,replicate,dataset_seed,run_seed,runtime_sec
5000,2000,1,1000,2001,81.30798026593402
5000,2000,2,1000,2002,364.6142871089978
5000,2000,3,1000,2003,9.245907125994563
10000,2000,1,1001,2011,897.1899408580502
10000,2000,2,1001,2012,21.243443329934962
10000,2000,3,1001,2013,21.376964252092876
15000,2000,1,1002,2021,229.7657440790208
15000,2000,2,1002,2022,586.139260436059
15000,2000,3,1002,2023,54.69109270989429
20000,2000,1,1003,2031,388.2003837720258
20000,2000,2,1003,2032,43.163346614921466
20000,2000,3,1003,2033,1143.659951106063
25000,2000,1,1004,2041,343.1398311080411
25000,2000,2,1004,2042,2458.125444932026
25000,2000,3,1004,2043,964.0158182949526
