rank,gene,logfc,pval,pval_adj,is_de,seed_frequency,null_shuffled_panels,null_pval,plain_rf_rank,in_plain_rf_topN,missed_by_plain_rf
1,HSP90AA1,0.7343377,1.7623542437745547e-209,1.7623542437745544e-206,True,0.6,0,0.0384615384615384,1,True,False
2,CNTNAP2,0.050843682,1.2761441688338559e-24,4.47769883801353e-23,False,0.9,0,0.0384615384615384,54,False,True
3,SNHG14,0.15186132,4.096430819233685e-107,1.3654769397445616e-104,True,1.0,1,0.0769230769230769,27,False,True
4,MAP1B,0.22427803,4.329589917707005e-104,1.0823974794267511e-101,True,0.9,0,0.0384615384615384,11,True,False
5,LUC7L3,0.12897867,4.2405776415836222e-19,1.1461020652928708e-17,True,0.9,0,0.0384615384615384,71,False,True
6,LRFN5,0.1948824,5.044556840582442e-110,2.017822736232977e-107,True,0.9,0,0.0384615384615384,15,True,False
7,COPG2,0.019945797,0.0091587133204489,0.0532483332584241,False,0.9,0,0.0384615384615384,58,False,True
8,TENM2,0.103909455,2.400386731864214e-42,1.600257821242809e-40,True,0.9,0,0.0384615384615384,38,False,True
9,RBM25,0.16780527,6.664736604865236e-11,1.1590846269330842e-09,True,0.9,0,0.0384615384615384,64,False,True
10,SRSF11,0.053360738,0.0001186740407618,0.0009821462984391,False,0.9,0,0.0384615384615384,123,False,True
11,PNISR,0.11220688,2.722208993379257e-12,5.285842705590789e-11,True,0.9,0,0.0384615384615384,107,False,True
12,AKAP9,0.12968345,1.543043063061846e-07,1.8703552279537528e-06,True,0.5,2,0.1153846153846153,147,False,True
13,LRP1B,-0.0077264565,2.2925162489414385e-05,0.000217300118383,False,0.8,0,0.0384615384615384,92,False,True
14,DPP10,-0.023014318,0.000630871792779,0.0045715347302829,False,0.9,0,0.0384615384615384,108,False,True
15,CDH12,0.18920773,3.1627120621544795e-78,5.2711867702574654e-76,True,0.8,0,0.0384615384615384,29,False,True
16,ANKRD26,0.18217914,1.616234615633171e-17,4.144191322136335e-16,True,0.8,0,0.0384615384615384,98,False,True
17,ANKRD12,0.4649069,1.4550959251418e-64,1.8188699064272497e-62,True,0.4,0,0.0384615384615384,19,True,False
18,PRRC2C,0.13426594,1.6590052031613305e-07,1.998801449591964e-06,True,0.7,1,0.0769230769230769,137,False,True
19,ENSG00000274422,0.32478172,4.1179464769010917e-10,6.6958479299204756e-09,True,0.2,0,0.0384615384615384,75,False,True
20,BDP1,-0.2600565,7.275264506958522e-33,3.464411669980248e-31,True,0.4,1,0.0769230769230769,41,False,True
21,TAFA2,0.17256476,1.9112809054832468e-43,1.3181247624022388e-41,True,0.4,0,0.0384615384615384,42,False,True
22,EPIC1,-0.03606564,0.5789377427576567,1.0,False,0.6,0,0.0384615384615384,102,False,True
23,ZC3H13,0.1027448,0.0465321622222441,0.2238240743579284,True,0.2,0,0.0384615384615384,145,False,True
