gene,accuracy,auc,oob
HSP90AA1,0.7638666666666667,0.85228352,0.7604571428571428
CNTNAP2,0.9673333333333334,0.9964954559549155,0.9642285714285714
SNHG14,0.9610666666666666,0.9953348627570408,0.9577142857142857
MAP1B,0.9566666666666667,0.99399067205967,0.9559428571428571
LUC7L3,0.9533333333333334,0.9914464645725621,0.9494285714285714
LRFN5,0.9492,0.9901692638412515,0.9446285714285715
COPG2,0.9464,0.9897531678548902,0.9431428571428572
TENM2,0.9433333333333334,0.9894803116724188,0.9422857142857143
RBM25,0.9409333333333333,0.9884432086572768,0.9422285714285714
SRSF11,0.9478666666666666,0.9886524027687169,0.9427428571428571
PNISR,0.9449333333333333,0.9889251116880177,0.9460571428571428
AKAP9,0.9468,0.9888809092681087,0.9467428571428571
LRP1B,0.9444,0.9892312480547775,0.9457142857142857
DPP10,0.9385333333333333,0.9879048060314957,0.9461142857142857
CDH12,0.9414666666666667,0.98863597887783,0.9425714285714286
ANKRD26,0.942,0.9887323673181253,0.9418285714285715
ANKRD12,0.9385333333333333,0.9876446455529321,0.9446285714285715
PRRC2C,0.9452,0.9897394125786454,0.9436571428571429
ENSG00000274422,0.9417333333333333,0.9880110529857065,0.9457714285714286
BDP1,0.944,0.9886445086010827,0.9460571428571428
TAFA2,0.9449333333333333,0.9896733531734676,0.9443428571428572
EPIC1,0.9476,0.9898973321961333,0.9454285714285714
ZC3H13,0.9401333333333334,0.9878211313678793,0.9466285714285714
