gene,rf_rank,logfc,pval,pval_adj,score,is_de,tested_in_de,de_status,in_unique_panel
HSP90AA1,0,0.7343377,1.7623542437745547e-209,1.7623542437745544e-206,30.887423,True,True,DE,False
CNTNAP2,1,0.050843682,1.2761441688338559e-24,4.47769883801353e-23,10.242707,False,True,fails_logfc,True
SNHG14,2,0.15186132,4.096430819233685e-107,1.3654769397445616e-104,21.984009,True,True,DE,False
MAP1B,3,0.22427803,4.329589917707005e-104,1.0823974794267511e-101,21.665628,True,True,DE,False
LUC7L3,4,0.12897867,4.2405776415836222e-19,1.1461020652928708e-17,8.930508,True,True,DE,False
LRFN5,5,0.1948824,5.044556840582442e-110,2.017822736232977e-107,22.286062,True,True,DE,False
COPG2,6,0.019945797,0.0091587133204489,0.0532483332584241,2.6060722,False,True,fails_logfc,True
TENM2,7,0.103909455,2.400386731864214e-42,1.600257821242809e-40,13.637378,True,True,DE,False
RBM25,8,0.16780527,6.664736604865236e-11,1.1590846269330842e-09,6.528014,True,True,DE,False
SRSF11,9,0.053360738,0.0001186740407618,0.0009821462984391,3.8488493,False,True,fails_logfc,True
PNISR,10,0.11220688,2.722208993379257e-12,5.285842705590789e-11,6.991367,True,True,DE,False
AKAP9,11,0.12968345,1.543043063061846e-07,1.8703552279537528e-06,5.247348,True,True,DE,False
LRP1B,12,-0.0077264565,2.2925162489414385e-05,0.000217300118383,4.234313,False,True,fails_logfc,True
DPP10,13,-0.023014318,0.000630871792779,0.0045715347302829,3.4179823,False,True,fails_logfc,True
CDH12,14,0.18920773,3.1627120621544795e-78,5.2711867702574654e-76,18.723877,True,True,DE,False
ANKRD26,15,0.18217914,1.616234615633171e-17,4.144191322136335e-16,8.518507,True,True,DE,False
ANKRD12,16,0.4649069,1.4550959251418e-64,1.8188699064272497e-62,16.966433,True,True,DE,False
PRRC2C,17,0.13426594,1.6590052031613305e-07,1.998801449591964e-06,5.233978,True,True,DE,False
ENSG00000274422,18,0.32478172,4.1179464769010917e-10,6.6958479299204756e-09,6.2494903,True,True,DE,False
BDP1,19,-0.2600565,7.275264506958522e-33,3.464411669980248e-31,-11.9405365,True,True,DE,False
TAFA2,20,0.17256476,1.9112809054832468e-43,1.3181247624022388e-41,13.820727,True,True,DE,False
EPIC1,21,-0.03606564,0.5789377427576567,1.0,-0.554937,False,True,fails_pval,True
ZC3H13,22,0.1027448,0.0465321622222441,0.2238240743579284,1.9905338,True,True,DE,False
