gene,rf_rank,logfc,pval,pval_adj,score
HSP90AA1,0,0.7343376874923706,1.7623542437745544e-209,1.7623542437745544e-206,30.887422561645508
SNHG14,2,0.15186132490634918,4.096430819233685e-107,1.3654769397445616e-104,21.9840087890625
MAP1B,3,0.2242780327796936,4.329589917707005e-104,1.0823974794267513e-101,21.66562843322754
LUC7L3,4,0.1289786696434021,4.240577641583622e-19,1.1461020652928708e-17,8.93050765991211
LRFN5,5,0.19488239288330078,5.0445568405824416e-110,2.0178227362329766e-107,22.286062240600586
TENM2,7,0.1039094552397728,2.400386731864214e-42,1.6002578212428092e-40,13.637377738952637
RBM25,8,0.1678052693605423,6.664736604865236e-11,1.1590846269330844e-09,6.528014183044434
PNISR,10,0.11220687627792358,2.7222089933792567e-12,5.28584270559079e-11,6.991366863250732
AKAP9,11,0.1296834498643875,1.543043063061846e-07,1.8703552279537526e-06,5.247347831726074
CDH12,14,0.18920773267745972,3.1627120621544795e-78,5.271186770257466e-76,18.723876953125
ANKRD26,15,0.18217913806438446,1.6162346156331707e-17,4.1441913221363353e-16,8.51850700378418
ANKRD12,16,0.4649069011211395,1.4550959251418e-64,1.8188699064272499e-62,16.966432571411133
PRRC2C,17,0.1342659443616867,1.6590052031613303e-07,1.998801449591964e-06,5.233977794647217
ENSG00000274422,18,0.32478171586990356,4.117946476901092e-10,6.6958479299204756e-09,6.249490261077881
BDP1,19,-0.2600564956665039,7.275264506958522e-33,3.4644116699802482e-31,-11.940536499023438
TAFA2,20,0.17256475985050201,1.9112809054832468e-43,1.318124762402239e-41,13.820727348327637
ZC3H13,22,0.10274480283260345,0.046532162222244176,0.22382407435792845,1.9905338287353516
