gene,importance,rf_rank,is_de,in_recursieve
HSP90AA1,0.02229036231191201,1,True,True
GNAS,0.02159431740304417,2,True,False
ENSG00000230021,0.020301595940620715,3,True,False
TSNAXIP1,0.019558841147985166,4,True,False
LINC01322,0.01595161390549967,5,True,False
ENSG00000286044,0.015606786635824774,6,True,False
ENSG00000280441,0.014197806438813727,7,True,False
IL2RA,0.012206268430235943,8,True,False
ENSG00000288075,0.011622486118933215,9,True,False
ENSG00000224905,0.011067048142584269,10,True,False
MAP1B,0.01081141648518402,11,True,True
ENSG00000223720,0.010456197821117393,12,True,False
PCAT1,0.010404148501640613,13,True,False
EPHA1-AS1,0.01040073530000826,14,True,False
LRFN5,0.010178659598259924,15,True,True
PROCA1,0.009770292047607163,16,True,False
ENSG00000229618,0.009413069828126149,17,True,False
ENSG00000250137,0.00910136502291841,18,True,False
ANKRD12,0.009080707565736037,19,True,True
CENPC,0.00897069165309039,20,True,False
TTLL5,0.008424345308011958,21,True,False
MAP2K6,0.008247065596985136,22,True,False
ENSG00000253300,0.008098150408277688,23,True,False
CCDC144BP,0.007946371409433446,24,True,False
ENSG00000285939,0.007933720875873528,25,True,False
RTF1,0.007694183726312005,26,True,False
SNHG14,0.007394332247254638,27,True,True
HS3ST2,0.007369757185499451,28,True,False
CDH12,0.007109430083188704,29,True,True
ENSG00000271147,0.006784895328569871,30,True,False
DYNC2I1,0.006512192155460069,31,True,False
CBLN2,0.006367314513677597,32,True,False
YWHAH,0.005811637215518492,33,True,False
SRRM2,0.005601525575396614,34,True,False
LAMA3,0.005560473887566728,35,True,False
PCDH11Y,0.005518680110989608,36,True,False
SON,0.0054050958821483235,37,True,False
TENM2,0.005347098558138244,38,True,True
DPH6,0.005268769286984432,39,True,False
ENO2,0.00525443739421542,40,True,False
BDP1,0.0052281864066143335,41,True,True
TAFA2,0.005048059923344246,42,True,True
PDE3A,0.0050037571657329805,43,True,False
PARD3B,0.004970611278790008,44,True,False
MCHR2,0.004839285238975855,45,True,False
ENSG00000286215,0.004835282660660141,46,True,False
C8orf88,0.004750360182567936,47,True,False
ZNF804B,0.004499309493374507,48,True,False
NXPH1,0.004271147076449946,49,True,False
EPHA6,0.004227535279391339,50,True,False
LINC00342,0.004194646204078556,51,True,False
ITPR2,0.004119533133047096,52,True,False
CNTN5,0.004052244912869617,53,True,False
CNTNAP2,0.003984574815443209,54,False,True
CCDC144CP,0.003939374144388891,55,True,False
ENSG00000286780,0.0039118037467222675,56,True,False
ZBTB7A,0.003906482397426526,57,True,False
COPG2,0.003578639709652331,58,False,True
CFAP46,0.0034908943200375377,59,True,False
ST6GALNAC5,0.003347035886833321,60,True,False
NRXN1-DT,0.0032322779095123218,61,True,False
CEP126,0.0032081274652174373,62,True,False
SYN3,0.0031632485936603037,63,True,False
RBM25,0.003125290833912566,64,True,True
C5orf67,0.0030830340660261404,65,True,False
ENSG00000253363,0.0030796437336729553,66,True,False
ROBO1,0.002998524595182076,67,False,False
NEFL,0.0029916402462653977,68,True,False
MAD2L1-DT,0.002984166605236075,69,True,False
POT1-AS1,0.0029153076471342206,70,True,False
LUC7L3,0.002887808494159084,71,True,True
WIPF3,0.0028818032499606998,72,True,False
SCHLAP1,0.0028265144639936677,73,True,False
HS3ST4,0.0028144743612721398,74,True,False
ENSG00000274422,0.0028018898715446456,75,True,True
IFT172,0.0027875502980449084,76,True,False
LINC02284,0.0027453966936621687,77,True,False
ATP5ME,0.0027388824440758345,78,True,False
ATP5F1B,0.002705661545924986,79,True,False
CPNE4,0.0026982698557759185,80,True,False
VAV3,0.002684255373800733,81,True,False
PRKG1,0.002677578814558046,82,True,False
HERC2P3,0.002658915230099436,83,True,False
LINC01378,0.002580987165407037,84,True,False
COL21A1,0.0024769279113953002,85,True,False
MAP1A,0.002449424445723418,86,True,False
GPC6,0.002422349487606247,87,True,False
UBB,0.0023625475835765022,88,True,False
SPOCK3,0.002361262160800762,89,True,False
HSPA1A,0.0023413369588976955,90,True,False
TAFA1,0.0023167547124679066,91,False,False
LRP1B,0.0023119755016754676,92,False,True
SLC22A25,0.0023029458730504573,93,True,False
CCNT1,0.0022708701801899462,94,False,False
ROBO2,0.0022343420261012924,95,False,False
LRRC4C,0.0022181466739170366,96,False,False
RORB,0.002191778952000731,97,True,False
ANKRD26,0.002177415886436612,98,True,True
CCDC88A,0.0021569450102176457,99,False,False
HS6ST3,0.0021081101202629405,100,False,False
ENSG00000287069,0.0021015776156200787,101,True,False
EPIC1,0.002090692822506184,102,False,True
SREK1,0.002079445041042448,103,True,False
PDLIM2,0.002062176360324967,104,True,False
MIR646HG,0.002056551619795845,105,True,False
ARHGAP24,0.0020378429779862096,106,True,False
PNISR,0.0020292791838913875,107,True,True
DPP10,0.002024070971825888,108,False,True
KCNH7,0.002006588191384156,109,False,False
SUSD4,0.0018964820066356893,110,True,False
IL1RAPL2,0.0018857776293981039,111,True,False
TRHDE,0.001873859731185964,112,True,False
SYCP2,0.0018609611411354646,113,True,False
NRG1,0.001841894036940614,114,False,False
DAB1,0.0018369251727777393,115,False,False
CUX1,0.001799474412118019,116,False,False
NDUFA4,0.0017977923374116877,117,True,False
DNAJB2,0.0017879611553999932,118,True,False
NR2F1,0.0017653150478015695,119,True,False
ENSG00000258410,0.0017358990210925723,120,False,False
EFCAB13,0.0017341514257188338,121,True,False
FKBP3,0.00172344810598483,122,True,False
SRSF11,0.0017029409057757504,123,False,True
TRPM3,0.0016846252114821332,124,True,False
MIR325HG,0.0016737984342994078,125,True,False
BOD1L1,0.0016349432841826534,126,True,False
CUX2,0.0016338450504837386,127,True,False
NEFM,0.0016219783438727172,128,True,False
PDZD2,0.0016025234508384822,129,True,False
BEX1,0.001591883443215809,130,True,False
SEMA3A,0.001589937417476955,131,False,False
ENSG00000287292,0.0015807888309933523,132,False,False
GALNTL6,0.0015802169111427497,133,False,False
APOOL,0.0015762298243490785,134,True,False
FOXP2,0.001571962104520032,135,True,False
RASD2,0.0015651919203764045,136,True,False
PRRC2C,0.001556787382859081,137,True,True
GRID2,0.001548332862895946,138,False,False
RIF1,0.0015462673674756923,139,True,False
KIAA1217,0.001538100806678445,140,False,False
DNAH14,0.0015379802830082407,141,True,False
ENSG00000224363,0.0015368942158695332,142,False,False
AP2A2,0.0015277194822020574,143,True,False
ITPRID1,0.0015250794259604804,144,True,False
ZC3H13,0.0015246036051041296,145,True,True
BRINP3,0.0015112833380395135,146,False,False
AKAP9,0.0015038894772887402,147,True,True
ENSG00000237445,0.001502109587154673,148,True,False
ENSG00000249881,0.0015009869317126469,149,True,False
ENSG00000228566,0.001495153841940507,150,False,False
APBB1,0.0014807716447403812,151,False,False
LINC01572,0.0014621787018981411,152,True,False
PDZRN4,0.0014540064890836073,153,False,False
ENSG00000288087,0.0014442984509946103,154,True,False
PGAM1P5,0.0014415049457744335,155,True,False
TULP2,0.001430240195547137,156,True,False
ZMAT1,0.0014206414646395923,157,True,False
GCM1,0.0014124407942725562,158,True,False
DDX46,0.0013963837966731612,159,True,False
CHDH,0.0013931203564169995,160,True,False
ENSG00000278766,0.001391825236150748,161,True,False
MITF,0.001389022446565091,162,True,False
UNC13C,0.0013876799639950489,163,True,False
PPIG,0.001361381428210886,164,False,False
DCC,0.0013526561073325856,165,False,False
SGCD,0.0013407398377775568,166,False,False
MEIS2,0.0013303445051722968,167,True,False
MGAT4C,0.0013261055844627414,168,False,False
GOLGB1,0.0013228695443723698,169,False,False
LINC01721,0.0013185895396823754,170,True,False
CEP290,0.0013093842392872589,171,False,False
ENSG00000271860,0.001304511844727911,172,False,False
NEMF,0.0013004603138564096,173,False,False
SOX2-OT,0.0012929176483197642,174,True,False
THSD7A,0.0012881826876976837,175,True,False
B4GAT1,0.001276241645255778,176,True,False
LINC00992,0.0012722556819037476,177,True,False
ENSG00000261170,0.001261165744169164,178,True,False
MIR31HG,0.0012564502378210028,179,True,False
FABP12,0.0012520287494799367,180,True,False
ENSG00000266302,0.001244213977898808,181,False,False
LINC01877,0.0012370813885842638,182,True,False
SGCZ,0.0012213000357429618,183,True,False
ENSG00000214719,0.0012155461551705635,184,True,False
ADAMTS17,0.0012139815081472027,185,True,False
FGF13,0.0012080811749459607,186,True,False
PCDH11X,0.0012070494405844443,187,True,False
SOX6,0.0011984536188742077,188,True,False
TESPA1,0.0011914961786858266,189,False,False
DNAJB1,0.0011878091008116793,190,True,False
ANKRD24,0.0011801872903466008,191,True,False
TOX,0.0011777799597574752,192,True,False
ITSN2,0.0011647866966877567,193,False,False
CASC15,0.0011570787977573307,194,True,False
CSPP1,0.0011474401951457266,195,True,False
LINC01846,0.0011447746932938725,196,True,False
LINC02377,0.0011426551206899867,197,True,False
ENSG00000233290,0.0011412524026797213,198,True,False
HTR1F,0.0011397001684285313,199,False,False
DPP7,0.0011390179021504407,200,True,False
RABL6,0.0011370022479705105,201,True,False
ZNF804A,0.0011340785555930804,202,False,False
GREB1L,0.0011264554258061529,203,True,False
NDUFA6-DT,0.0011144843701023424,204,True,False
ENSG00000286481,0.0011141077375172624,205,True,False
ST3GAL2,0.0011020189713074767,206,True,False
ZFC3H1,0.0010951784605471716,207,False,False
LINC02055,0.0010949888352894672,208,False,False
ZNF91,0.001091186614691307,209,True,False
ZMYM3,0.0010869421627230317,210,True,False
UBXN4,0.001075945280220784,211,False,False
CROCCP3,0.0010704230835044525,212,False,False
ENSG00000287231,0.001062233458221612,213,True,False
KIF5B,0.0010598337019741375,214,True,False
LINC02795,0.0010505523183593935,215,True,False
CWF19L2,0.001036721646701454,216,True,False
ANKRD18B,0.001025727913030917,217,True,False
LINC01821,0.0010250727462871282,218,False,False
SDK1,0.0010247050055847097,219,False,False
COL5A2,0.0010156905579199649,220,False,False
NKAP,0.0010100464557001676,221,True,False
PRP4K,0.0010049930880584083,222,True,False
LINC03000,0.0010047390112094654,223,False,False
LAMA2,0.0009983215296241609,224,True,False
ARID4A,0.0009956028444253148,225,False,False
TSPYL2,0.000991948437440743,226,False,False
ENSG00000223727,0.0009917207977085366,227,False,False
CDH20,0.000990769751861628,228,False,False
NPSR1-AS1,0.0009875798369283117,229,True,False
LINC01106,0.0009784202948463422,230,True,False
C8orf34,0.0009779503506270539,231,True,False
PTCHD4,0.000974067371147866,232,False,False
SCLT1,0.0009657969309129395,233,False,False
MALRD1,0.0009625420786424742,234,True,False
GNG12-AS1,0.0009604091631573052,235,True,False
PLPP7,0.0009557516331554501,236,False,False
IL3RA,0.0009538156723785271,237,True,False
TPT1,0.0009424460602345039,238,True,False
CEP295,0.0009389892920004181,239,False,False
CCDC186,0.0009331212581456136,240,False,False
DLC1,0.0009326838144307245,241,False,False
CCDC178,0.0009319142413661438,242,True,False
SNHG25,0.0009317884651681701,243,True,False
GLCCI1,0.0009232159906218693,244,False,False
PPME1,0.0009203505864062995,245,True,False
PCDH17,0.0009172745247725381,246,False,False
YTHDC1,0.0009164075740810253,247,True,False
NKTR,0.0009156286294739372,248,True,False
NSUN6,0.0009084242716373143,249,True,False
KNDC1,0.0009081458091605859,250,False,False
UTRN,0.0009028009574928692,251,True,False
CFAP61,0.0009015370184924854,252,True,False
FSTL5,0.0009010031164058985,253,True,False
LINC02296,0.0008987885751193532,254,True,False
EIF5B,0.0008974027957721508,255,False,False
CDH13,0.0008968509548694884,256,False,False
ENSG00000272154,0.0008966652961299166,257,True,False
THSD4,0.0008963706157139611,258,True,False
SRRM1,0.000894995414975086,259,False,False
LINC01725,0.0008920452727994515,260,True,False
EIF3A,0.0008908975284355133,261,True,False
ADAMTSL1,0.0008876304450818163,262,False,False
ENSG00000247679,0.0008875839889317745,263,True,False
PNN,0.0008831295359910475,264,True,False
SLU7,0.000881608237748049,265,True,False
TSHZ2,0.0008754087751893435,266,True,False
NTNG1,0.0008713858050419838,267,False,False
VWA3A,0.0008701326344977159,268,True,False
CFAP20DC-DT,0.0008698724549158441,269,True,False
MYO16,0.0008688835220913457,270,False,False
NCOA4,0.0008680417005604364,271,True,False
SEC22A,0.0008663843457840715,272,False,False
ACADVL,0.0008618752731676355,273,False,False
UPP1,0.0008609972999279463,274,False,False
RERG,0.0008606474236005989,275,True,False
ZRSR2,0.0008560516927476038,276,True,False
RBBP6,0.0008552590427960849,277,False,False
CCDC34,0.0008547630659995495,278,True,False
SFPQ,0.0008500557885759971,279,False,False
NCL,0.0008383481857138035,280,True,False
CMYA5,0.0008379350372715684,281,True,False
FAAH2,0.0008289323114403565,282,False,False
KMT2A,0.0008258766251318117,283,True,False
ALDH2,0.0008216141957048801,284,True,False
UPF2,0.0008210178291938671,285,False,False
SHISA6,0.0008199199987282659,286,True,False
PHACTR2,0.0008165066415104755,287,True,False
LINC01517,0.0008139733325338258,288,False,False
ZNF385D,0.0008120922150457869,289,False,False
ECHDC2,0.0008017068295962897,290,True,False
IFT88,0.0008003702513132567,291,False,False
CFAP47,0.000797114273556767,292,True,False
BAZ1B,0.000791222673512031,293,False,False
TCEAL4,0.0007868703618125419,294,True,False
CCAR1,0.0007862954432406224,295,False,False
ENSG00000229425,0.0007796700319172302,296,True,False
PRPF38B,0.0007715212199428394,297,False,False
LINC01965,0.0007714995132846053,298,True,False
ENSG00000258312,0.0007704103173260643,299,True,False
WBP4,0.0007639741726513774,300,False,False
RANBP17,0.0007589941101256607,301,True,False
MIA3,0.0007588871907976962,302,False,False
ENSG00000283380,0.0007556948845755016,303,True,False
GPC5,0.0007546789118293626,304,False,False
LINC01632,0.0007521677946010621,305,True,False
RBM41,0.0007493829409005363,306,True,False
SAFB2,0.0007465659235219806,307,False,False
ALCAM,0.0007422686903527625,308,True,False
NOP58,0.0007373977350443567,309,False,False
RALBP1,0.0007349890488211625,310,True,False
GTF2I,0.0007348928184046935,311,True,False
PODXL,0.0007336588601535951,312,True,False
ACVR1C,0.000731663005996362,313,True,False
LINC01709,0.0007302368592161059,314,True,False
PLCXD3,0.0007291336016016459,315,True,False
RYR3,0.0007289779892706765,316,True,False
RHOT2,0.000728033092187486,317,False,False
LINC02250,0.0007237447397649581,318,True,False
TRPC3,0.0007208384957213246,319,True,False
ENSG00000254394,0.0007203671263121361,320,True,False
GRIPAP1,0.0007141374778764176,321,False,False
IQCA1,0.0007123354818923196,322,False,False
CDK5RAP2,0.0007122994192680803,323,False,False
ZNF883,0.0007095704814297339,324,True,False
USP8,0.0007038534957318772,325,False,False
FAM106A,0.0007029562275789566,326,False,False
UPF3B,0.0007001240934777292,327,False,False
LNC-LBCS,0.0006953972923591864,328,False,False
STMN1,0.0006911561585698075,329,False,False
DPY19L2P2,0.0006849595184259516,330,False,False
TPTE2P1,0.0006804762561585485,331,False,False
SNTG2,0.0006801354813473943,332,False,False
SPHKAP,0.0006762634065931797,333,True,False
LINC02306,0.0006757993746222163,334,True,False
ENSG00000253853,0.0006743845808684839,335,True,False
ENSG00000287474,0.0006716028474069276,336,True,False
ENSG00000253693,0.0006690635218509867,337,False,False
SLK,0.0006639474404664326,338,False,False
ENSG00000223944,0.0006638539626475563,339,True,False
ENSG00000268163,0.00065902243019951,340,True,False
PARM1,0.0006555027939049653,341,False,False
EGFEM1P,0.0006549617658509297,342,True,False
GLIS3,0.000653438391527622,343,True,False
SHTN1,0.0006522586124485729,344,False,False
CHD3,0.0006505384123985454,345,True,False
LCORL,0.0006448319946424798,346,False,False
TENM1,0.0006445887797747514,347,False,False
PCDH15,0.0006433123832488914,348,True,False
PLK5,0.000637537502237703,349,True,False
SLC26A3,0.0006343977348629044,350,True,False
ANKRD17-DT,0.0006312064106424298,351,False,False
MRPL1,0.0006286794515214638,352,True,False
NASP,0.0006263051624329373,353,False,False
PDIA2,0.0006259916510846727,354,False,False
CDRT15P6,0.0006245569343792233,355,False,False
ASPM,0.0006235959277437731,356,True,False
BCL11B,0.0006226141929841954,357,True,False
SLC6A7,0.0006220582210602766,358,False,False
ANKDD1A,0.0006204431533688288,359,False,False
SIMC1,0.0006199095234684076,360,False,False
ANKRD20A5P,0.0006174891499769582,361,False,False
KLHL4,0.000614744781483877,362,False,False
MRFAP1L1,0.0006143435999001633,363,True,False
SPMIP2,0.0006081783138906587,364,False,False
PITPNC1,0.0006026001307923664,365,False,False
CNTN2,0.0006005125109294165,366,True,False
ENSG00000275119,0.0005967217036517423,367,True,False
CCDC146,0.0005945514005180156,368,True,False
SPANXA2-OT1,0.0005927895028355169,369,False,False
DEK,0.0005880206335302178,370,True,False
ABCA7,0.0005868312092248644,371,True,False
TCEAL5,0.0005865801810317336,372,False,False
SCAF11,0.0005862958022676722,373,False,False
SMC3,0.0005826217274062703,374,False,False
NUP155,0.0005801494574167227,375,True,False
ANKRD18CP,0.0005793837625132826,376,False,False
TUBGCP6,0.0005787013935521893,377,False,False
FLACC1,0.0005767807030114884,378,False,False
ADCY8,0.0005758142266554747,379,False,False
ENSG00000254092,0.0005750102690947184,380,False,False
GLB1L2,0.0005728918948128792,381,False,False
RGS12,0.0005718002365147643,382,False,False
ATAD5,0.0005716503771072926,383,False,False
ZFHX3,0.0005710369189608692,384,False,False
CRISPLD2,0.0005696532151649944,385,True,False
NOP56,0.0005667534612097846,386,False,False
ADAMTS9-AS2,0.0005665072715218472,387,False,False
ENSG00000287122,0.0005625886917416361,388,True,False
TCHP,0.0005612661796589397,389,True,False
LINC01320,0.0005591669543856036,390,True,False
INTS4P1,0.0005589637629040999,391,True,False
LINC00923,0.0005585299271576423,392,False,False
ENSG00000235939,0.0005534105072433583,393,False,False
GLDN,0.0005529993697968468,394,True,False
ENSG00000287744,0.0005522427586570164,395,False,False
ENSG00000287912,0.0005486834990968949,396,False,False
HACD4,0.0005486773510724861,397,True,False
TRPC6,0.0005479859733886252,398,False,False
NSA2,0.0005471639579021344,399,True,False
MAML3,0.0005470573916328944,400,True,False
CFAP299,0.0005434259143666052,401,False,False
SLC14A2,0.0005418952653743701,402,True,False
LNCBRM,0.0005401302458239302,403,True,False
GNAL,0.0005382932856143103,404,True,False
ENSG00000287862,0.0005358676688360713,405,True,False
SYT10,0.0005296634670575793,406,True,False
TCEAL6,0.0005284580793942213,407,False,False
STAC,0.0005276674823824829,408,True,False
TTC6,0.0005274101160948756,409,False,False
LINC01266,0.0005262074827792522,410,True,False
PCSK5,0.000525321422640996,411,True,False
TEX9,0.0005232773473809772,412,False,False
ANK1,0.0005197185518319806,413,True,False
PCP4,0.0005188653353900177,414,False,False
NEAT1,0.0005181793059583976,415,False,False
ENSG00000286221,0.0005150732695779592,416,False,False
LRMDA,0.000510391410664346,417,False,False
ERBB4,0.0005076939474690071,418,False,False
LINC01284,0.0005068751175417909,419,False,False
CLK2,0.0005067498280779759,420,True,False
KCNG2,0.0005065508081906036,421,True,False
RMST,0.0005058147037042399,422,True,False
SMC1A,0.0005056395562845178,423,True,False
LINC00276,0.0005048499489517723,424,False,False
RASSF4,0.0005042749604528366,425,False,False
DCBLD2,0.0004996772781719892,426,True,False
DDX27,0.0004976243136797828,427,False,False
USP16,0.0004953810262943422,428,False,False
LINC02798,0.0004953439263976012,429,False,False
MAP9,0.0004938484662885563,430,True,False
MIR4300HG,0.0004925002151340866,431,False,False
MTMR8,0.0004916159114514261,432,True,False
ENSG00000227579,0.00048632598335731606,433,True,False
SGO1-AS1,0.00048236424255259746,434,False,False
CNTLN,0.0004811092273831718,435,False,False
FAM133A,0.0004799260504431305,436,True,False
PLCH1,0.0004779669138073211,437,False,False
SGSM3,0.00047789021572077704,438,True,False
EYS,0.00047719252311473234,439,True,False
KIF3A,0.0004764940790004869,440,False,False
PKHD1,0.0004741942104886242,441,True,False
RAB33B-AS1,0.00047380568453867514,442,False,False
ENSG00000287092,0.0004725580108653289,443,False,False
SAMD5,0.0004715935331785034,444,False,False
ENSG00000285638,0.00047096700986073254,445,False,False
CCDC18,0.0004698510293458657,446,True,False
LUZP2,0.0004693966623818095,447,False,False
LINC01830,0.0004681744641165793,448,False,False
TRIM4,0.0004666246647574221,449,False,False
HSP90B1,0.0004659494521017515,450,False,False
BRD9,0.00046559875762301636,451,True,False
FBLN7,0.0004644199958046136,452,True,False
TRO,0.0004619785805808664,453,False,False
ABCF1,0.0004615340591263198,454,False,False
SAXO2,0.00046124823624054637,455,False,False
POMT1,0.0004585916231979165,456,True,False
SLC47A2,0.0004582269708956972,457,False,False
C1QTNF7-AS1,0.0004559286271498367,458,False,False
TSBP1-AS1,0.00045580812803020616,459,False,False
DDX21,0.00045375833692371263,460,False,False
ALDH1A1,0.00045019994664949423,461,True,False
NBPF20,0.00044932903362989536,462,False,False
CIP2A,0.00044838749749336764,463,True,False
ENSG00000251031,0.0004481515930057017,464,False,False
MAN2A2,0.0004475692426164333,465,False,False
GRIK1,0.00044675286316153153,466,False,False
SF3B2,0.0004450550153007812,467,True,False
LHFPL3,0.0004433379217902312,468,False,False
DNMT1,0.00044261265010828117,469,False,False
CDK11B,0.00044030129661729695,470,False,False
DDX55,0.0004381753530680353,471,True,False
SH2D4A,0.0004380691387417754,472,False,False
PLD5,0.0004373099113700232,473,True,False
PSMD3,0.0004305092467701036,474,True,False
USP38-DT,0.0004252146835772782,475,False,False
PALMD,0.0004246564951780292,476,True,False
SMC2,0.0004236912249233401,477,True,False
TRIM11,0.00042331321945822376,478,True,False
KIAA0040,0.00042203977886304456,479,True,False
ZFAND2B,0.00042199663888580066,480,False,False
SRRT,0.00042186671087161154,481,False,False
NSMF,0.0004217990889618417,482,False,False
WAKMAR2,0.00042148269751340694,483,True,False
ANKRD20A11P,0.00042126002300533143,484,True,False
ENSG00000235292,0.00041988798264285465,485,False,False
ENSG00000285082,0.0004184554129466815,486,True,False
IK,0.00041666999389525835,487,False,False
MIATNB,0.00041577285517054713,488,True,False
ITGA8,0.0004155125583113488,489,True,False
HPSE2,0.0004119130103837279,490,False,False
ADARB2,0.00041152851006059503,491,False,False
ENSG00000287722,0.000410419583211548,492,True,False
TGFBR3,0.00041009559163525616,493,True,False
ZNF316,0.0004100410498826422,494,False,False
MNS1,0.00040818175020096556,495,False,False
LINC01478,0.00040626811765442775,496,False,False
RILPL2,0.0004032884487251411,497,False,False
ENSG00000232451,0.0004032127197358963,498,False,False
SOHLH1,0.00040318858875761034,499,False,False
CCDC33,0.0004007340471678095,500,True,False
LINC01470,0.00040065945188090665,501,True,False
ENSG00000223393,0.00039830091083650033,502,False,False
NSUN5P1,0.00039814495677414327,503,False,False
PSMA7,0.00039645549828763103,504,False,False
ANKRD18A,0.00039462311620112775,505,False,False
SLC35F4,0.0003927481924934944,506,True,False
LINC00393,0.00039206795936119645,507,True,False
ECHS1,0.0003918903365597881,508,False,False
STEAP1B,0.00039105501457218386,509,True,False
ENSG00000243276,0.0003899440431343456,510,True,False
LARP7,0.00038765527843235095,511,False,False
BMPR1B,0.00038662462848837486,512,True,False
SMARCD2,0.000384832773538866,513,False,False
ARFGAP1,0.0003843701757166779,514,False,False
PSMA4,0.00037989864206507514,515,True,False
CKMT1A,0.00037817378291399664,516,False,False
RNF20,0.0003757501753757182,517,False,False
CCDC181,0.00037557056599889834,518,True,False
TSPAN17,0.00037289524295076686,519,False,False
MKNK2,0.0003728070183277766,520,True,False
OSGEP,0.0003720265127034054,521,False,False
EGR1,0.0003709487381195137,522,False,False
ANKRD20A1,0.00036858348718006324,523,False,False
MRPS22,0.00036674460739456727,524,True,False
TCOF1,0.00036429504272942053,525,True,False
GLIDR,0.00036283103694124134,526,True,False
ENSG00000287001,0.0003617275446717509,527,False,False
ZNF521,0.00036115473603690734,528,True,False
ENSG00000260658,0.0003598422187015144,529,True,False
TTN,0.000358713474471024,530,False,False
CEP72,0.0003577235616657991,531,False,False
ITSN1,0.00035748226374263055,532,False,False
MAPK11,0.0003569763544829951,533,False,False
ENSG00000282890,0.00035642858483136367,534,False,False
SPMIP6,0.0003491501425697149,535,False,False
SLC8B1,0.0003487012251097763,536,False,False
ENSG00000258881,0.00034782516571629416,537,False,False
ENSG00000285669,0.0003462245776659071,538,True,False
ZNF404,0.00034547349226765676,539,False,False
RNF103-CHMP3,0.0003447607164431258,540,True,False
PSMC5,0.00034040848442250325,541,False,False
ENSG00000269749,0.0003386743764607646,542,False,False
IWS1,0.00033707373543832056,543,False,False
ALK,0.00033678712686494115,544,False,False
MIR3681HG,0.0003360155727378194,545,False,False
LIMA1,0.0003353476093681927,546,False,False
SEMA3E,0.0003346188306970511,547,False,False
ENSG00000226197,0.0003345542361817674,548,False,False
ANKRD26P3,0.00033199287896405375,549,False,False
ENSG00000286536,0.00033187807861596245,550,True,False
USP1,0.000331297738327895,551,True,False
SLTM,0.00033065589616766564,552,False,False
CTPS1,0.0003299031848606743,553,False,False
ENSG00000283782,0.00032928037417442787,554,False,False
ANKRD62,0.0003291612318339346,555,False,False
ENSG00000232611,0.00032699685576694285,556,False,False
MID1,0.0003258361305844056,557,False,False
ETFBKMT,0.00032372184099317995,558,False,False
ZNF732,0.0003220342114899822,559,True,False
CFAP210,0.0003218636186928329,560,False,False
NEFH,0.0003191573859850869,561,True,False
ENSG00000271945,0.0003172473810301991,562,False,False
NT5C3B,0.00031570373902269175,563,False,False
LRRIQ1,0.0003133133308985627,564,False,False
ZMAT2,0.0003121261977684587,565,False,False
ENSG00000253642,0.0003074658092089067,566,False,False
SLCO1B1,0.0003045789455753488,567,True,False
PLEKHH2,0.00030311911235704513,568,False,False
DNTTIP2,0.00029755042769298324,569,False,False
HMGN5,0.00029628842367386646,570,False,False
NKAIN3,0.0002942595940126121,571,False,False
PARD3,0.00029039822466901097,572,False,False
UROD,0.0002895535037807296,573,False,False
CDKN1B,0.000280855613451285,574,True,False
ENSG00000287989,0.00028052371354416996,575,True,False
KCNH8,0.0002761674471379433,576,False,False
LINC01090,0.0002759872368348945,577,True,False
C1orf35,0.0002726438791190579,578,False,False
LINC02067,0.0002713421097836493,579,True,False
RSL1D1,0.0002684629266128006,580,False,False
DGKD,0.0002671910396536479,581,False,False
ENSG00000258394,0.00026507814157459143,582,False,False
ENSG00000259899,0.0002630201765518087,583,True,False
SPATA20,0.00026279733657051354,584,False,False
BAIAP2L2,0.00026274346490769374,585,False,False
NRSN2-AS1,0.000262558766967625,586,False,False
FBXL7,0.0002622936078502137,587,True,False
HIP1,0.00026221370472475855,588,False,False
CCDC40,0.0002621092498262689,589,False,False
SPON1,0.0002580352596935674,590,False,False
HTR2C,0.00025634695001930255,591,False,False
ENSG00000286474,0.00025526378737341184,592,False,False
ENSG00000259124,0.0002540247154819901,593,False,False
NOL8,0.0002482926938797932,594,False,False
LINC00378,0.0002474810294061792,595,False,False
SLC8A1-AS1,0.0002467184080738233,596,True,False
PIN4,0.0002442712627476734,597,False,False
LINC01440,0.0002377794321736235,598,True,False
MYO1H,0.00023468726613726882,599,True,False
KCNIP1,0.0002319884116589565,600,False,False
ENSG00000285987,0.00023054796136381985,601,True,False
ITGA2-AS1,0.00022684224209459542,602,True,False
LRRC3-DT,0.00022494884426604297,603,False,False
DTL,0.00022465073202018195,604,True,False
HAS2-AS1,0.00022253329937031008,605,True,False
CARD14,0.00021995961104068865,606,True,False
ENSG00000288016,0.00021894783361669828,607,False,False
CAVIN1,0.00021864932844143793,608,False,False
GPATCH1,0.0002160007509700223,609,False,False
ADGRL4,0.00021581039480839616,610,False,False
ENSG00000234261,0.00021364165407582007,611,True,False
LINC00470,0.0002119480857128747,612,False,False
UHRF1,0.00021094327599499306,613,True,False
LINC00358,0.0002066508042943334,614,False,False
GRIN3A,0.00020568186411859974,615,False,False
PPP1CB-DT,0.0002044711831594684,616,True,False
CPED1,0.0001993275627471079,617,False,False
ENSG00000286995,0.0001982539474561289,618,True,False
CSTF3-DT,0.00019771593893425717,619,False,False
ENSG00000289019,0.00019690380448658651,620,True,False
CTR9,0.00019672453358227703,621,False,False
FRMD4B,0.00019503455049965578,622,True,False
PLCH2,0.00019120940402593997,623,False,False
PRAMEF6,0.0001909304132800963,624,True,False
ENSG00000237480,0.00018584631676517828,625,True,False
LINC02240,0.00017995453301677941,626,False,False
ENSG00000253673,0.0001774379147269551,627,True,False
AGMO,0.00017731485048076896,628,False,False
ENSG00000288321,0.00017367711266346605,629,False,False
LINC02814,0.0001710550458268115,630,True,False
ENSG00000253100,0.000169030039038312,631,True,False
IFNG-AS1,0.00016804571413059347,632,False,False
HAPLN1,0.00016256032630237075,633,True,False
LINC01194,0.00015852186647537,634,False,False
LINC00536,0.00015789345253271826,635,True,False
PAPLN,0.0001562156051758918,636,False,False
ENSG00000259925,0.00015039957349614,637,True,False
LINC02775,0.0001464118068818771,638,False,False
GRHL3,0.00014607916697165555,639,False,False
TBL1Y,0.0001399512813699496,640,False,False
NTSR2,0.00013913629846334152,641,False,False
SPAG11A,0.00013881766232353736,642,True,False
ENSG00000258654,0.00013647104635020545,643,True,False
LENG9,0.00013418630626709253,644,False,False
ENSG00000253659,0.00013398647757503394,645,False,False
ENSG00000232035,0.00013250212843220424,646,True,False
ENSG00000287870,0.00012744458226305092,647,False,False
ENSG00000237844,0.0001263413231576005,648,False,False
LINC02463,0.0001245253325510609,649,True,False
CLIC4,0.00012447684781873833,650,False,False
ENSG00000253496,0.00012079098935605985,651,True,False
ENSG00000251339,0.00011827490527400842,652,False,False
ENSG00000244278,0.0001160434419291402,653,True,False
ENSG00000249001,0.00011359678512360068,654,True,False
ZNF536,0.00011217561778144528,655,False,False
TOPAZ1,0.00010957394184352514,656,False,False
ENPP2,0.0001081550620623214,657,False,False
ENSG00000217455,0.00010810014970560857,658,False,False
LINC01924,0.00010536911178098916,659,False,False
LINC01344,9.895868253648998e-05,660,False,False
ENSG00000286082,9.178460969432193e-05,661,False,False
LINC01010,9.156318040429462e-05,662,False,False
KCNAB1,9.146525792819583e-05,663,True,False
CACNG5,9.129670602198724e-05,664,False,False
GRAP2,9.108517473935493e-05,665,True,False
LINC01980,9.063226663502639e-05,666,False,False
SINHCAFP3,8.897322185438688e-05,667,False,False
JMJD7-PLA2G4B,8.759753032115638e-05,668,False,False
ENSG00000248491,8.71620184855101e-05,669,False,False
SPA17,8.670668920980637e-05,670,False,False
DOCK1,8.620547963442963e-05,671,False,False
ABCA13,8.508130726411137e-05,672,False,False
CLNK,8.483144814815116e-05,673,False,False
ENSG00000257452,8.138495371118773e-05,674,False,False
EIF5A,8.090535412309051e-05,675,False,False
ENSG00000188897,8.06808880938596e-05,676,False,False
HSP90AB2P,8.025121833025194e-05,677,False,False
ENSG00000230864,7.821042935818178e-05,678,False,False
MSR1,7.655531845793148e-05,679,False,False
GNG12,7.647920283798246e-05,680,False,False
MRC1,7.561703600410557e-05,681,False,False
MYO7B,7.534751024086217e-05,682,False,False
ENSG00000237760,7.49120519084535e-05,683,False,False
KCNK6,7.433090752014246e-05,684,False,False
ENSG00000277128,7.400479132007184e-05,685,False,False
TNFAIP8,7.325806185209675e-05,686,False,False
MAMDC2-AS1,7.318810404149697e-05,687,False,False
LINC02076,7.284788091875723e-05,688,False,False
ENSG00000283098,7.270602225672945e-05,689,False,False
LINC02149,7.197736342436166e-05,690,False,False
CHAT,7.011374929274621e-05,691,True,False
ENSG00000267666,6.995653897638485e-05,692,False,False
SERPINB11,6.89071860297549e-05,693,False,False
PAX3,6.567786338657201e-05,694,False,False
EBF2,6.523787085361597e-05,695,False,False
SDK1-AS1,6.50496706787215e-05,696,False,False
ENSG00000259929,6.476872575720436e-05,697,False,False
WBP1,6.381741722598282e-05,698,False,False
SPMIP11,6.286793196154818e-05,699,False,False
WDTC1-DT,6.25461323202806e-05,700,False,False
ENSG00000234710,6.069490748519263e-05,701,False,False
ENSG00000231741,6.020607569175081e-05,702,False,False
ATP8A2P3,5.997066032915473e-05,703,False,False
ENSG00000253619,5.935068961750793e-05,704,False,False
LINC01609,5.8914654658322126e-05,705,False,False
SLC15A1,5.889919121714511e-05,706,False,False
ENSG00000250149,5.867452449444794e-05,707,False,False
ABCA8,5.8033421058602974e-05,708,False,False
TECTB,5.7010073050055837e-05,709,False,False
ENSG00000237525,5.6903302397256006e-05,710,False,False
DOCK8,5.629518525285575e-05,711,False,False
LINC00348,5.580505146124843e-05,712,False,False
ENSG00000285201,5.354473594636754e-05,713,False,False
ENSG00000287054,5.320672725808572e-05,714,False,False
SEC61G-DT,5.306105385406312e-05,715,False,False
GSEC,5.262792645975298e-05,716,False,False
EDA2R,5.188132056091001e-05,717,False,False
ENSG00000287277,5.177116124082943e-05,718,False,False
STAG3L5P,5.1484444385096264e-05,719,False,False
ENSG00000254519,5.1454160318898e-05,720,False,False
FBN2,5.1219610354473186e-05,721,False,False
HNF4G,5.0539914809740965e-05,722,False,False
ENSG00000239922,4.96167889087724e-05,723,False,False
ENSG00000197462,4.9336000379796383e-05,724,False,False
ANKRD26P1,4.813817402609786e-05,725,False,False
PCAT4,4.771883818133744e-05,726,False,False
DGKK,4.749481078123117e-05,727,False,False
ENSG00000279217,4.7352467406696474e-05,728,False,False
TMEM215,4.6739042292637336e-05,729,False,False
UGT2B4,4.650255901713203e-05,730,False,False
ENSG00000287704,4.6412000279554593e-05,731,False,False
LINC02490,4.615254004443881e-05,732,False,False
ENSG00000225970,4.605077435431527e-05,733,False,False
PLCG2,4.585291243010014e-05,734,False,False
ENSG00000243969,4.580843090865141e-05,735,False,False
COL15A1,4.553136381977276e-05,736,False,False
HEPH,4.4988132798812396e-05,737,False,False
LINC01694,4.493781277112661e-05,738,False,False
CRELD1,4.3782459259109145e-05,739,False,False
CFB,4.275433641527218e-05,740,False,False
LINC00589,4.273163517994551e-05,741,False,False
ACSL5,4.269845125857604e-05,742,False,False
GOLGA6L5P,4.2388099328543107e-05,743,False,False
AGBL2,4.235886131251431e-05,744,False,False
PATL2,4.223070852590017e-05,745,False,False
ENSG00000267188,4.204053330985578e-05,746,False,False
RFTN1P1,4.196201487445959e-05,747,False,False
LIPN,4.17638926598651e-05,748,False,False
THAP3P1,4.123595747063857e-05,749,False,False
ENSG00000287410,4.083386603108909e-05,750,False,False
ENSG00000249951,4.082224558121639e-05,751,False,False
GDF5,4.074583780276937e-05,752,False,False
LINC01492,4.067231653155834e-05,753,False,False
NEK2-DT,3.9835193044417935e-05,754,False,False
ZAN,3.967605670906377e-05,755,False,False
RAB43,3.9640918354379196e-05,756,False,False
ENSG00000285894,3.9505011180904844e-05,757,False,False
LINC01162,3.941944821943588e-05,758,False,False
SPATA16,3.8704691972564034e-05,759,False,False
RGL2,3.842514689435505e-05,760,False,False
IL11RA,3.824296342857833e-05,761,False,False
CNBD2,3.801489411611984e-05,762,False,False
PVALB,3.797569660122294e-05,763,False,False
LINC02238,3.782061894716803e-05,764,False,False
LINC02481,3.77610362087778e-05,765,False,False
ENSG00000287308,3.767544969449907e-05,766,False,False
GAB3,3.736562618754737e-05,767,False,False
SLC17A8,3.7267951245573854e-05,768,False,False
GRTP1,3.7016144242767774e-05,769,False,False
LINC01781,3.698828639403119e-05,770,False,False
LINC02243,3.687810588550566e-05,771,False,False
ENSG00000287416,3.6745019637073646e-05,772,False,False
ADAMTS18,3.669348995745109e-05,773,False,False
IZUMO3,3.6183433443586764e-05,774,False,False
ENSG00000251598,3.613383075055052e-05,775,False,False
ZNF676,3.583409354561666e-05,776,False,False
SRPX2,3.5502957403776186e-05,777,False,False
MIR548XHG,3.5463553892773474e-05,778,False,False
OR14J1,3.5383128408647915e-05,779,False,False
ENSG00000267320,3.5269577337956905e-05,780,False,False
DNAH8,3.4992240581652425e-05,781,False,False
SEC14L3,3.4898382831938314e-05,782,False,False
ENSG00000289371,3.437970344552451e-05,783,False,False
LBX1-AS1,3.4369236637016374e-05,784,False,False
LINC01111,3.4227146421286936e-05,785,False,False
LINC01739,3.417052895257743e-05,786,False,False
ENSG00000248601,3.414580482719911e-05,787,False,False
LINC01307,3.371838035511424e-05,788,False,False
SPATA3-AS1,3.3687139319045854e-05,789,False,False
APBB1IP,3.330090616935497e-05,790,False,False
ENSG00000279631,3.315258397920095e-05,791,False,False
LINC02964,3.305941052938604e-05,792,False,False
ENSG00000287803,3.271331098319962e-05,793,False,False
LINC00613,3.2652383296455175e-05,794,False,False
MROH3P,3.261100076735175e-05,795,False,False
GET4,3.2428786652128225e-05,796,False,False
MGC32805,3.2401548045750746e-05,797,False,False
MOCOS,3.217684108348614e-05,798,False,False
MIR17HG,3.2052396645672745e-05,799,False,False
ENSG00000258114,3.20523480047576e-05,800,False,False
LINC01192,3.170166203649938e-05,801,False,False
ENSG00000286107,3.153443688351083e-05,802,False,False
ENSG00000286206,3.1358708081941165e-05,803,False,False
FMR1NB,3.108186395632506e-05,804,False,False
PGM5P4-AS1,3.0997490837440044e-05,805,False,False
CTXND1,3.091095458835713e-05,806,False,False
PGR,3.0566640486249945e-05,807,False,False
ENSG00000227527,3.054714326009938e-05,808,False,False
CRHBP,3.0529469192700085e-05,809,False,False
STC1,3.049306149369886e-05,810,False,False
ENSG00000249945,3.042649257386051e-05,811,False,False
ZFHX4-AS1,3.0412875509323645e-05,812,False,False
NKX3-1,3.026619550526125e-05,813,False,False
ENSG00000234378,3.0182930169546944e-05,814,False,False
NHEG1,2.9960906223347412e-05,815,False,False
IKBKB-DT,2.9686864154096825e-05,816,False,False
RUNX3,2.927508656427327e-05,817,False,False
BPIFC,2.9220583298298268e-05,818,False,False
ENSG00000287444,2.8981973224676357e-05,819,False,False
NDRG2,2.88534573166683e-05,820,False,False
MYH11,2.8688138764203206e-05,821,False,False
SLC1A3,2.8681669826653177e-05,822,False,False
ENSG00000255422,2.8456879530521856e-05,823,False,False
ENSG00000285663,2.844872648556641e-05,824,False,False
SLCO1C1,2.8385175817769994e-05,825,False,False
GAD2,2.8287340852765143e-05,826,False,False
ENSG00000255094,2.8171813509153198e-05,827,False,False
LINC01982,2.8170174056185568e-05,828,False,False
ENSG00000287505,2.8027752912822882e-05,829,False,False
EGFLAM,2.7889737448888274e-05,830,False,False
HLA-F-AS1,2.7659448142420533e-05,831,False,False
ENSG00000285826,2.759347929861243e-05,832,False,False
POTEA,2.714798010323085e-05,833,False,False
LINC02025,2.713038504795392e-05,834,False,False
LINC02526,2.707806866378839e-05,835,False,False
LAT,2.704225378325572e-05,836,False,False
ENSG00000289302,2.679504349172948e-05,837,False,False
LINC03099,2.674228425598938e-05,838,False,False
LINC02485,2.6692419139975e-05,839,False,False
ENSG00000250126,2.661537393818733e-05,840,False,False
LINC02492,2.655114374540436e-05,841,False,False
CTBP1-AS,2.646722175282811e-05,842,False,False
MAGEA3-DT,2.629838193657944e-05,843,False,False
SMIM31,2.6211671439830324e-05,844,False,False
LY9,2.5993851656469106e-05,845,False,False
NEK8,2.5973816844981148e-05,846,False,False
ENSG00000177359,2.5897542268195404e-05,847,False,False
OR5AS1,2.5766386415803195e-05,848,False,False
NBEAP6,2.569476541744319e-05,849,False,False
AMY2A,2.5662801432123745e-05,850,False,False
P2RX1,2.564318763915597e-05,851,False,False
DLX6-AS1,2.5570359043028606e-05,852,False,False
NCOR1P3,2.5494589941747444e-05,853,False,False
HMGB1P1,2.5294860655419896e-05,854,False,False
ENSG00000255491,2.5262788165788673e-05,855,False,False
POM121L4P,2.5240853010771283e-05,856,False,False
EBF1,2.513672283163225e-05,857,False,False
LINC00581,2.5107452712461355e-05,858,False,False
ZNF723,2.5007688569010637e-05,859,False,False
NOX4P1,2.4909389561025638e-05,860,False,False
LINC03043,2.488235673186747e-05,861,False,False
MED28-DT,2.4848532935855436e-05,862,False,False
CASP10,2.440495527147314e-05,863,False,False
LINC02369,2.422723934942824e-05,864,False,False
CYSLTR2,2.377908576484026e-05,865,False,False
ENSG00000285367,2.3760570667458187e-05,866,False,False
MIR7515HG,2.3618057141024066e-05,867,False,False
LINC02436,2.35990991184135e-05,868,False,False
H1-4,2.340748885358434e-05,869,False,False
LINC01427,2.3268118783503197e-05,870,False,False
ENSG00000227360,2.3133594094771154e-05,871,False,False
TNFRSF1B,2.3059300475686207e-05,872,False,False
LYRM7,2.2923548811319653e-05,873,False,False
LINC01499,2.2890826724956725e-05,874,False,False
ENSG00000287861,2.267696352541144e-05,875,False,False
FAM180A,2.2356783050150865e-05,876,False,False
LPAR4,2.2071397981337162e-05,877,False,False
GATA3,2.1849438533897276e-05,878,False,False
ENSG00000235419,2.18455318153175e-05,879,False,False
ENSG00000229021,2.1822120009830434e-05,880,False,False
LGSN,2.143619773004201e-05,881,False,False
ENSG00000226206,2.1423763720847158e-05,882,False,False
ENSG00000270442,2.140898725255967e-05,883,False,False
KRT18P6,2.1023078844160965e-05,884,False,False
UBE2U,2.0951763843810712e-05,885,False,False
LINC01684,2.073160592021144e-05,886,False,False
LRP4,2.063003164773088e-05,887,False,False
PENK-AS1,2.059702579965814e-05,888,False,False
LINC02386,2.0564885321380844e-05,889,False,False
ENSG00000286514,2.050859288211144e-05,890,False,False
OMA1,2.0505596007518256e-05,891,False,False
BBS7-DT,2.0436962522321983e-05,892,False,False
FGFR3,2.034890151157055e-05,893,False,False
ENSG00000265980,2.0280621579630813e-05,894,False,False
C18orf63,2.0176837954841337e-05,895,False,False
NPFFR1,2.0077246169145033e-05,896,False,False
LINC01997,2.002654031866507e-05,897,False,False
ENSG00000254178,1.9867536982990654e-05,898,False,False
ALDH1L1,1.9793856127230508e-05,899,False,False
ENSG00000273550,1.9756611965028794e-05,900,False,False
ENSG00000236961,1.975330058879381e-05,901,False,False
NLRP11,1.9703040423930768e-05,902,False,False
ENSG00000231295,1.957046269473121e-05,903,False,False
KIAA1210,1.95582253615532e-05,904,False,False
SLC22A3,1.949274988241315e-05,905,False,False
RSPH6A,1.9432036302624345e-05,906,False,False
ENSG00000273244,1.9393382842890618e-05,907,False,False
ENSG00000287147,1.9304457794102103e-05,908,False,False
TIGIT,1.930411128452773e-05,909,False,False
ENSG00000268575,1.9192734681108012e-05,910,False,False
ACY1,1.9191102320399996e-05,911,False,False
CX3CR1,1.9137621721835774e-05,912,False,False
LINC00364,1.8953809315648e-05,913,False,False
HOTTIP,1.891779641272065e-05,914,False,False
LINC02228,1.8874250253333202e-05,915,False,False
SLC22A16,1.8807988955133624e-05,916,False,False
EXD1,1.8769778585179164e-05,917,False,False
ENSG00000227531,1.8642530891611317e-05,918,False,False
MEPE,1.8549654842844197e-05,919,False,False
LINC00301,1.8504715777621938e-05,920,False,False
OFD1P4Y,1.847696417426524e-05,921,False,False
FAM111A,1.8421072971961717e-05,922,False,False
EOMES,1.798411874909605e-05,923,False,False
ENSG00000233960,1.779698204592453e-05,924,False,False
ENSG00000260850,1.7796693171410767e-05,925,False,False
ENSG00000287582,1.7728840751650246e-05,926,False,False
FBN3,1.759616206521799e-05,927,False,False
ENSG00000267273,1.75049301829863e-05,928,False,False
SLC19A4P,1.750480756291298e-05,929,False,False
ENSG00000287352,1.7485362055956226e-05,930,False,False
DDX60,1.7476837935932175e-05,931,False,False
MTND4P35,1.730273335557328e-05,932,False,False
CYP4F22,1.722285307284679e-05,933,False,False
MEIOSIN,1.705034269009099e-05,934,False,False
ENSG00000287526,1.6992751561769534e-05,935,False,False
LINC00544,1.6809359168474003e-05,936,False,False
ENSG00000287409,1.674634464972254e-05,937,False,False
MOGAT3,1.6563211574824985e-05,938,False,False
ENSG00000255558,1.655927702696837e-05,939,False,False
LHX6,1.6553898001223402e-05,940,False,False
UTS2B,1.6536414566275554e-05,941,False,False
ADAD1,1.6498200413079236e-05,942,False,False
ENSG00000279714,1.6486261503225217e-05,943,False,False
LINC03044,1.6437806560817553e-05,944,False,False
TNRC6B-DT,1.6430699189655717e-05,945,False,False
ENSG00000263489,1.6278683660086888e-05,946,False,False
SI,1.625268275962572e-05,947,False,False
FAM192BP,1.6223624624958395e-05,948,False,False
ENSG00000287823,1.6056735710011447e-05,949,False,False
ENSG00000288013,1.6042451502959023e-05,950,False,False
CNR2,1.600635519201965e-05,951,False,False
SSX6P,1.5898000141838126e-05,952,False,False
MTCO2P22,1.582665109306188e-05,953,False,False
ENSG00000257083,1.5637338747713185e-05,954,False,False
LAMB2,1.5624172678261424e-05,955,False,False
CDCA2,1.552558552568329e-05,956,False,False
ENSG00000259882,1.5504461384971132e-05,957,False,False
ENSG00000260834,1.5477383273810904e-05,958,False,False
LINC00700,1.5468396509288512e-05,959,False,False
PPP4R1-AS1,1.5438635290456082e-05,960,False,False
LINC03025,1.5237468229875169e-05,961,False,False
LINC01416,1.5121795533511508e-05,962,False,False
ATP8B3,1.5108430655556514e-05,963,False,False
MRPL40,1.4998648010580141e-05,964,False,False
ENSG00000276418,1.497237895813593e-05,965,False,False
LINC02865,1.4961166965355764e-05,966,False,False
APOBEC3F,1.4857320838684798e-05,967,False,False
ENSG00000273259,1.4851408313072627e-05,968,False,False
HLA-F,1.4836455441749908e-05,969,False,False
LNCNEF,1.4805185245495204e-05,970,False,False
ENSG00000287383,1.4734355407795958e-05,971,False,False
ENSG00000267364,1.4715386747513264e-05,972,False,False
DNM1P47,1.4637279703556608e-05,973,False,False
ENSG00000253690,1.4602848423963944e-05,974,False,False
ENSG00000258657,1.4580862590214091e-05,975,False,False
ENSG00000278205,1.452043929334694e-05,976,False,False
ASB9,1.4501828145843756e-05,977,False,False
ENSG00000243349,1.4440430198055167e-05,978,False,False
ENSG00000249320,1.4415111039845677e-05,979,False,False
ATP6V0D2,1.4311308795734228e-05,980,False,False
TPRX1,1.4278071531178695e-05,981,False,False
TMIGD3,1.427563646587636e-05,982,False,False
CYP4F3,1.4254705151488305e-05,983,False,False
VNN2,1.4201350784187601e-05,984,False,False
ACKR3,1.4141256040924245e-05,985,False,False
ENSG00000260112,1.4132996034866108e-05,986,False,False
LINC02628,1.4028050950355834e-05,987,False,False
ENSG00000288735,1.3891698377452119e-05,988,False,False
ENSG00000257265,1.3879869559792637e-05,989,False,False
ENSG00000204684,1.386834769482024e-05,990,False,False
PLIN5,1.3864798848417239e-05,991,False,False
ENSG00000229603,1.3667769316264288e-05,992,False,False
RPGR,1.3655414565382774e-05,993,False,False
ENSG00000271858,1.3639379576322838e-05,994,False,False
ZFP42,1.3626654027940629e-05,995,False,False
C12orf50,1.3613970260277099e-05,996,False,False
OLAH,1.3594971185616222e-05,997,False,False
OR7E158P,1.3591863350023258e-05,998,False,False
USP9YP3,1.3538910587860899e-05,999,False,False
LINC01961,1.3494885146988855e-05,1000,False,False
CYP2C9,1.3481398869227786e-05,1001,False,False
EPPK1,1.3353440092786577e-05,1002,False,False
LINC02105,1.3307395086599419e-05,1003,False,False
LINC00523,1.3300138330067386e-05,1004,False,False
GTF2IP6,1.3253394629698324e-05,1005,False,False
SELENOV,1.324680638538182e-05,1006,False,False
STOML3,1.3180410509669185e-05,1007,False,False
SCNN1G,1.3179303658081571e-05,1008,False,False
ENSG00000229395,1.316748967878966e-05,1009,False,False
PRSS57,1.3165125028237831e-05,1010,False,False
HSP90AA6P,1.3142650141697711e-05,1011,False,False
GSTA11P,1.3112792817825055e-05,1012,False,False
PLPP2,1.2969968853467235e-05,1013,False,False
ENSG00000228144,1.288450205029051e-05,1014,False,False
ENSG00000262495,1.2775300013608033e-05,1015,False,False
TGFBR2,1.2626081291822326e-05,1016,False,False
PIRAT1,1.2488722011664099e-05,1017,False,False
ENSG00000260364,1.2466184240485265e-05,1018,False,False
ENSG00000259097,1.2377086118189137e-05,1019,False,False
CFHR5,1.2340061081999273e-05,1020,False,False
ENSG00000243081,1.2296988389194358e-05,1021,False,False
IL31RA,1.2258898599450743e-05,1022,False,False
ENSG00000261028,1.2227139019895261e-05,1023,False,False
ENSG00000279147,1.2212037447684611e-05,1024,False,False
ENSG00000269711,1.220738146663626e-05,1025,False,False
ERVV-2,1.2181902477166986e-05,1026,False,False
SLC5A1,1.2167528602663401e-05,1027,False,False
ENSG00000287307,1.2143221410948099e-05,1028,False,False
ENSG00000254263,1.2121321464413309e-05,1029,False,False
ELOA,1.196320444525487e-05,1030,False,False
ENSG00000266283,1.186162996131636e-05,1031,False,False
LINC02096,1.1739390420405387e-05,1032,False,False
CCDC74BP1,1.1720055768008165e-05,1033,False,False
ENSG00000227912,1.1698693288351699e-05,1034,False,False
LINC02453,1.1614435510184306e-05,1035,False,False
ENSG00000204971,1.1581496438349215e-05,1036,False,False
TLX1NB,1.1537850701690422e-05,1037,False,False
ENSG00000253917,1.1492338570391073e-05,1038,False,False
PTGDR2,1.1467502629206074e-05,1039,False,False
CASP4LP,1.1448404007847062e-05,1040,False,False
USP41P,1.1426975463674615e-05,1041,False,False
C2CD4A,1.1385133726460598e-05,1042,False,False
APCDD1,1.134817368127853e-05,1043,False,False
ENSG00000253047,1.1318176983811472e-05,1044,False,False
AMELY,1.1295821791343406e-05,1045,False,False
IER3IP1,1.1291545510332323e-05,1046,False,False
ENSG00000253295,1.1260860420393726e-05,1047,False,False
CIDEC,1.1123912972470578e-05,1048,False,False
SUSD3,1.1104646921591733e-05,1049,False,False
CLEC4C,1.1072216930342728e-05,1050,False,False
PGLYRP2,1.1019680975541199e-05,1051,False,False
LINC01151,1.1010574003519081e-05,1052,False,False
CD300A,1.0925062179624523e-05,1053,False,False
LINC02026,1.0869658794990217e-05,1054,False,False
ENSG00000232299,1.0848312685091503e-05,1055,False,False
ENSG00000247416,1.0828573499616888e-05,1056,False,False
CFAP57,1.0783249873682438e-05,1057,False,False
CDC20B,1.0746916964998471e-05,1058,False,False
PRSS59P,1.0671268140049156e-05,1059,False,False
ENSG00000173357,1.0644999594936175e-05,1060,False,False
KCNJ15,1.0641236258252024e-05,1061,False,False
DLX1,1.060487503268221e-05,1062,False,False
ENSG00000279936,1.059983709025979e-05,1063,False,False
ENSG00000286263,1.058335978104472e-05,1064,False,False
SLC9B1P3,1.0551673919961468e-05,1065,False,False
MILR1,1.0504446082270658e-05,1066,False,False
ENSG00000267564,1.0496367994502227e-05,1067,False,False
PARP1P1,1.0480418669111959e-05,1068,False,False
ENSG00000230848,1.0441971325747411e-05,1069,False,False
TMEM119,1.0361156298289194e-05,1070,False,False
ENSG00000264876,1.0317496406561437e-05,1071,False,False
KLHL33,1.0307638976028206e-05,1072,False,False
ENSG00000260949,1.0216772104695566e-05,1073,False,False
ENSG00000283010,1.0216759003289437e-05,1074,False,False
LINC02380,1.020862969048748e-05,1075,False,False
ZNF886P,1.016486065527466e-05,1076,False,False
CPLANE2,1.0115877619095756e-05,1077,False,False
CSN1S2AP,1.010760783439806e-05,1078,False,False
LINC02960,1.0084007207016202e-05,1079,False,False
NUTM1,1.0065430615268841e-05,1080,False,False
LINC02365,1.0041865937654824e-05,1081,False,False
TREM1,1.0024510068809215e-05,1082,False,False
TMC8,9.986486456462696e-06,1083,False,False
ENSG00000261427,9.969066371795733e-06,1084,False,False
CASC17,9.964585080180356e-06,1085,False,False
ENTPD4-DT,9.950982635810219e-06,1086,False,False
ENSG00000286848,9.883735686377654e-06,1087,False,False
CMTM5,9.862808103646617e-06,1088,False,False
OR13D1,9.835084044674777e-06,1089,False,False
SLC9B1P2,9.824554516647797e-06,1090,False,False
ENSG00000267342,9.745072483864323e-06,1091,False,False
DNASE1L3,9.681038028643205e-06,1092,False,False
SSX2B,9.675182601763838e-06,1093,False,False
LINC01081,9.599593321694646e-06,1094,False,False
MGAT4D,9.590262701976869e-06,1095,False,False
ENSG00000225537,9.55954773611704e-06,1096,False,False
BARHL2,9.5416630651108e-06,1097,False,False
C1QC,9.503651576256183e-06,1098,False,False
ENSG00000285601,9.487907692929028e-06,1099,False,False
ENSG00000279428,9.471798880601831e-06,1100,False,False
SLC26A9,9.423894628212338e-06,1101,False,False
PGM5P4,9.410694337891651e-06,1102,False,False
POM121L2,9.340082943908856e-06,1103,False,False
ENSG00000279587,9.290166871678208e-06,1104,False,False
ENSG00000279650,9.252300371114431e-06,1105,False,False
ENSG00000276509,9.208095949754624e-06,1106,False,False
NTMT2,9.190797191892257e-06,1107,False,False
LINC00944,9.173836018273667e-06,1108,False,False
DEFA5,9.116616701851977e-06,1109,False,False
CA5AP1,8.963727390977861e-06,1110,False,False
ENSG00000230746,8.93637684196831e-06,1111,False,False
UMOD,8.904292240699525e-06,1112,False,False
ULK4P3,8.884454955596822e-06,1113,False,False
MTUS1-DT,8.798631689042856e-06,1114,False,False
CYLD-AS1,8.749641036661547e-06,1115,False,False
ENSG00000255457,8.723635591783405e-06,1116,False,False
Metazoa_SRP-127,8.719353291275511e-06,1117,False,False
POU2AF1,8.69397172759276e-06,1118,False,False
TMEM252-DT,8.643750615334007e-06,1119,False,False
ENSG00000231143,8.62608688791199e-06,1120,False,False
LINC01747,8.608146087046624e-06,1121,False,False
LINC02746,8.606815038012578e-06,1122,False,False
TRIM50,8.59383651188401e-06,1123,False,False
RHPN2P1,8.576563524146035e-06,1124,False,False
LINC00601,8.543864683580811e-06,1125,False,False
ENSG00000258875,8.488432072256114e-06,1126,False,False
LYZ,8.4860111312212e-06,1127,False,False
ENSG00000258314,8.463143103205748e-06,1128,False,False
ENSG00000286358,8.421526389393509e-06,1129,False,False
ENSG00000248172,8.421213312402665e-06,1130,False,False
OPALIN,8.369781304305862e-06,1131,False,False
BMS1P4-AGAP5,8.34125064046734e-06,1132,False,False
PROS2P,8.29856006063101e-06,1133,False,False
MMP8,8.28494351385884e-06,1134,False,False
ENSG00000234714,8.194009914281413e-06,1135,False,False
DPPA3,8.192546959279437e-06,1136,False,False
ENSG00000226733,8.168246704532788e-06,1137,False,False
BTBD17,8.136025895174298e-06,1138,False,False
ENSG00000253561,8.107120462868893e-06,1139,False,False
ENSG00000287719,8.085073736682709e-06,1140,False,False
ENSG00000236140,8.07577954988447e-06,1141,False,False
CENPM,8.065752947751528e-06,1142,False,False
OTUD6A,8.063980251882467e-06,1143,False,False
KRT8,8.004722233626227e-06,1144,False,False
OR8B10P,7.99664387773147e-06,1145,False,False
PSMA6P2,7.969873034835945e-06,1146,False,False
Y_RNA-40,7.944815637222452e-06,1147,False,False
GPR174,7.922375367766231e-06,1148,False,False
SLC7A3,7.918018181283306e-06,1149,False,False
TLCD3B,7.9072140220484e-06,1150,False,False
ENSG00000287449,7.880649387219353e-06,1151,False,False
FOXB1,7.869999681125635e-06,1152,False,False
LINC00376,7.85467380700626e-06,1153,False,False
NFATC1,7.8526976941374e-06,1154,False,False
ENSG00000249149,7.849466435846423e-06,1155,False,False
SLC2A4,7.841886243938218e-06,1156,False,False
SREK1IP1P1,7.832158360956888e-06,1157,False,False
RUFY4,7.82803721313105e-06,1158,False,False
LINC01812,7.807143244297175e-06,1159,False,False
TMEM78,7.78086993513295e-06,1160,False,False
POLR1G,7.766498840365331e-06,1161,False,False
ENSG00000259624,7.762382803613015e-06,1162,False,False
ENSG00000229896,7.730119183861794e-06,1163,False,False
LINC01428,7.701303710222439e-06,1164,False,False
LINC02009,7.68884366003707e-06,1165,False,False
ENSG00000285586,7.682857380973273e-06,1166,False,False
LINC01795,7.656364732277428e-06,1167,False,False
ENSG00000274979,7.631834745717268e-06,1168,False,False
ACSM2A,7.564732812101727e-06,1169,False,False
GUCY2F,7.562928444889181e-06,1170,False,False
NAP1L1P1,7.4979209619085e-06,1171,False,False
MLC1,7.471157665062501e-06,1172,False,False
BORCS7,7.430492326414406e-06,1173,False,False
PON2,7.416487845051388e-06,1174,False,False
SLC39A5,7.406724395139321e-06,1175,False,False
TMEM255A,7.367606051668896e-06,1176,False,False
TFAP2C,7.349553630965799e-06,1177,False,False
NAALADL1,7.31559601108418e-06,1178,False,False
ENSG00000254261,7.312195700448957e-06,1179,False,False
CASKP1,7.290862228496743e-06,1180,False,False
ENSG00000286326,7.2816916854446985e-06,1181,False,False
KRT12,7.2764772041544815e-06,1182,False,False
TSGA13,7.25195439207689e-06,1183,False,False
ZNF217-AS1,7.236281256095345e-06,1184,False,False
ENSG00000269535,7.224418644690894e-06,1185,False,False
ARX,7.215318143071315e-06,1186,False,False
LINC01224,7.174325293237998e-06,1187,False,False
ENSG00000278862,7.1651048131736864e-06,1188,False,False
SOX11,7.118301881742953e-06,1189,False,False
RIBC1,7.113710495429319e-06,1190,False,False
TYROBP,7.094348213860342e-06,1191,False,False
ENSG00000287459,7.093488989002584e-06,1192,False,False
ENSG00000272024,7.078564462292611e-06,1193,False,False
ENSG00000287223,7.063430165511627e-06,1194,False,False
SLC1A2-AS2,7.037383037517025e-06,1195,False,False
BLVRBP1,7.022134796730067e-06,1196,False,False
LINC01075,6.975582685831907e-06,1197,False,False
IL20RA,6.971733898167487e-06,1198,False,False
ACSM5,6.961870189583174e-06,1199,False,False
ENSG00000250286,6.954749455638448e-06,1200,False,False
TRIM40,6.936367604989307e-06,1201,False,False
ENSG00000206356,6.934944302093313e-06,1202,False,False
BANF2,6.900778351094052e-06,1203,False,False
NTF3,6.887898772293126e-06,1204,False,False
NUP133-DT,6.865471633104474e-06,1205,False,False
ENSG00000231912,6.823940711111874e-06,1206,False,False
ENSG00000234175,6.7984160644688935e-06,1207,False,False
ADCY4,6.787907219386864e-06,1208,False,False
ENSG00000280132,6.731472180599545e-06,1209,False,False
PENK,6.7219271088059676e-06,1210,False,False
ENSG00000285592,6.716701904867078e-06,1211,False,False
TTC24,6.71008504749495e-06,1212,False,False
ENSG00000215237,6.6872932359665345e-06,1213,False,False
LINC02824,6.686365492189076e-06,1214,False,False
MMEL1,6.6737946108714776e-06,1215,False,False
CYP2A13,6.670108444247574e-06,1216,False,False
FRG2IP,6.6662283237917015e-06,1217,False,False
BMPR1B-DT,6.630834169958171e-06,1218,False,False
GGT5,6.612463518848849e-06,1219,False,False
SERPINB7,6.602306878056108e-06,1220,False,False
DNAAF6,6.588976728887477e-06,1221,False,False
ENSG00000286743,6.552358877989286e-06,1222,False,False
VIP,6.517516625748227e-06,1223,False,False
HSPD1P6,6.4940724464271354e-06,1224,False,False
GOLGA6FP,6.474393825158475e-06,1225,False,False
ENSG00000234597,6.452599190410496e-06,1226,False,False
IYD,6.448901091403521e-06,1227,False,False
ITK,6.443687605705656e-06,1228,False,False
LUZP4,6.43412852482425e-06,1229,False,False
MC2R,6.3921909961798585e-06,1230,False,False
KDR,6.3810736242363466e-06,1231,False,False
ENSG00000288707,6.35123777156575e-06,1232,False,False
SOAT2,6.300966510757819e-06,1233,False,False
CDC20,6.292595295589658e-06,1234,False,False
CDX4,6.274285783369465e-06,1235,False,False
LINC03062,6.245714572383116e-06,1236,False,False
ENSG00000254626,6.245097699156693e-06,1237,False,False
ENSG00000287592,6.198775839723733e-06,1238,False,False
LINC02111,6.147417379744685e-06,1239,False,False
ENSG00000278920,6.124425867451326e-06,1240,False,False
FAM230I,6.087601779161299e-06,1241,False,False
ENSG00000286290,6.053166147176361e-06,1242,False,False
LINC02271,6.036875372974333e-06,1243,False,False
LINC02165,6.0315400875835015e-06,1244,False,False
ENSG00000285695,6.00109299272442e-06,1245,False,False
LINC00604,5.966683079172722e-06,1246,False,False
RFX5-AS1,5.965448863331172e-06,1247,False,False
RBMY1A3P,5.953424534333691e-06,1248,False,False
KIF19,5.941928089007741e-06,1249,False,False
LINC01826,5.934435756255874e-06,1250,False,False
TBX21,5.929532492500796e-06,1251,False,False
CRX,5.924195182391775e-06,1252,False,False
LINC02274,5.757132677019761e-06,1253,False,False
AADACL3,5.742380704789725e-06,1254,False,False
C20orf202,5.729473801977237e-06,1255,False,False
OR51E2,5.680917611266376e-06,1256,False,False
PROP1,5.654012453464474e-06,1257,False,False
TMEM88B,5.6488575123147645e-06,1258,False,False
DDR1-DT,5.637490995946759e-06,1259,False,False
ENSG00000268193,5.620947603830227e-06,1260,False,False
CDC20-DT,5.6186087013812165e-06,1261,False,False
BPIFB2,5.60992507662113e-06,1262,False,False
CCL15-CCL14,5.594869473091133e-06,1263,False,False
ENSG00000241255,5.5858091563020635e-06,1264,False,False
LINC01958,5.581026018744681e-06,1265,False,False
ENSG00000231083,5.560375020636789e-06,1266,False,False
RBM5-AS1,5.5318158618545105e-06,1267,False,False
ENSG00000286477,5.515525318786784e-06,1268,False,False
RASL12,5.5136144445346645e-06,1269,False,False
ADGRF1,5.468938663864938e-06,1270,False,False
C1QB,5.467067521266949e-06,1271,False,False
APOBEC1,5.440352255373467e-06,1272,False,False
LPAR3,5.410617177214105e-06,1273,False,False
FGF16,5.404325374488931e-06,1274,False,False
NOX3,5.388227903770627e-06,1275,False,False
HSH2D,5.387496978752917e-06,1276,False,False
PTH,5.3823376930302284e-06,1277,False,False
DPPA4,5.3714961735003234e-06,1278,False,False
EMX2,5.337304290066363e-06,1279,False,False
HLA-DOA,5.33648886582383e-06,1280,False,False
ENSG00000275329,5.313113813189691e-06,1281,False,False
ENSG00000236536,5.307676867640591e-06,1282,False,False
TMA16P1,5.278721944971094e-06,1283,False,False
ENSG00000280176,5.245587865601817e-06,1284,False,False
RARRES2,5.219722561646709e-06,1285,False,False
SLFN12L,5.1998406989570005e-06,1286,False,False
PHF2P2,5.1930934410354785e-06,1287,False,False
GACAT3,5.187932449545273e-06,1288,False,False
LINC01206,5.181071440756037e-06,1289,False,False
C1QL4,5.157341792753445e-06,1290,False,False
GTF2IRD2P1,5.135627491608654e-06,1291,False,False
DHX35-DT,5.122724532476073e-06,1292,False,False
LINC02397,5.122160927798366e-06,1293,False,False
SASH3,5.056011201056614e-06,1294,False,False
LINC01702,5.035599529460919e-06,1295,False,False
ENSG00000287754,5.029893211048007e-06,1296,False,False
FCRL3,5.023481235582518e-06,1297,False,False
ELK2BP,5.012440164558837e-06,1298,False,False
SCAT1,4.984310974662697e-06,1299,False,False
SP9,4.976294854836019e-06,1300,False,False
ENSG00000261285,4.960739527157306e-06,1301,False,False
ENSG00000287980,4.955318212049866e-06,1302,False,False
ENSG00000253480,4.930962872607749e-06,1303,False,False
LINC01656,4.8837795031194634e-06,1304,False,False
DNAJC22,4.86968110795421e-06,1305,False,False
ENSG00000248605,4.868555782931951e-06,1306,False,False
ENSG00000286710,4.829612592874239e-06,1307,False,False
TMEM231,4.8065343768965046e-06,1308,False,False
PRIMA1,4.7911825034020185e-06,1309,False,False
ENSG00000250657,4.780696356520256e-06,1310,False,False
ENSG00000279567,4.732966509151737e-06,1311,False,False
LINC00885,4.726452636749429e-06,1312,False,False
LINC00550,4.6976896219884894e-06,1313,False,False
LINC02126,4.681064115630229e-06,1314,False,False
CYLC2,4.661208597417311e-06,1315,False,False
TTTY13,4.650816549292835e-06,1316,False,False
ENSG00000279648,4.634887753141963e-06,1317,False,False
ADGRE4P,4.620999095309596e-06,1318,False,False
TBXA2R,4.5888701001317236e-06,1319,False,False
HSP90AA2P,4.5761587328740145e-06,1320,False,False
LINC01087,4.570932813107168e-06,1321,False,False
ENSG00000254847,4.566881869700487e-06,1322,False,False
ENSG00000251459,4.5305302503979195e-06,1323,False,False
ENSG00000230736,4.518808635803315e-06,1324,False,False
CENPS,4.485645934633809e-06,1325,False,False
DCD,4.484329721264732e-06,1326,False,False
CHMP4C,4.45302504689241e-06,1327,False,False
ENSG00000287079,4.4496887732101546e-06,1328,False,False
RN7SL322P,4.443252057595542e-06,1329,False,False
ENSG00000283431,4.4368622302935395e-06,1330,False,False
MRPL15P1,4.41313702237464e-06,1331,False,False
BMP7,4.373143116815379e-06,1332,False,False
ENSG00000233242,4.368223342201888e-06,1333,False,False
CCR4,4.35771751008368e-06,1334,False,False
PRLHR,4.3555387652329704e-06,1335,False,False
ENSG00000260360,4.347975390541294e-06,1336,False,False
CDC42EP1,4.34360931270622e-06,1337,False,False
TRAPPC3L,4.330963871104295e-06,1338,False,False
COX8BP,4.3250196600711015e-06,1339,False,False
DDC,4.3221376494617585e-06,1340,False,False
ENSG00000259397,4.311780587914485e-06,1341,False,False
PYHIN1,4.285277187788137e-06,1342,False,False
FCAR,4.277693710680582e-06,1343,False,False
ENSG00000236710,4.261298118383225e-06,1344,False,False
LINC01549,4.242567338383039e-06,1345,False,False
ARSH,4.237690402355773e-06,1346,False,False
C11orf21,4.219055404226531e-06,1347,False,False
ENSG00000248783,4.213417774505489e-06,1348,False,False
LINC01704,4.212409425398495e-06,1349,False,False
FOLR3,4.195327854313717e-06,1350,False,False
DSG1-AS1,4.176778707941994e-06,1351,False,False
TMEM273,4.152476109175306e-06,1352,False,False
UGT2B7,4.115285097212585e-06,1353,False,False
ENSG00000280225,4.084827324042089e-06,1354,False,False
LINC02233,4.0736724745110204e-06,1355,False,False
SLC16A12,4.071744616454678e-06,1356,False,False
KLK7,4.063089071589348e-06,1357,False,False
ENSG00000228655,4.0238585071875e-06,1358,False,False
CALHM3,4.001593955926817e-06,1359,False,False
ENSG00000256695,3.930043323224741e-06,1360,False,False
SYNGR4,3.894266274012539e-06,1361,False,False
VTRNA1-1,3.848241563306491e-06,1362,False,False
ENSG00000262231,3.828439998528736e-06,1363,False,False
ENSG00000248317,3.817460686513978e-06,1364,False,False
ENSG00000289456,3.815104342845203e-06,1365,False,False
ENSG00000259395,3.8111806137236155e-06,1366,False,False
ENSG00000287392,3.762864419707188e-06,1367,False,False
ENSG00000286291,3.751366373725956e-06,1368,False,False
ZBP1,3.6654638639841576e-06,1369,False,False
RBFADN,3.6644133515394417e-06,1370,False,False
ENSG00000266923,3.638998545689273e-06,1371,False,False
ENSG00000287179,3.5770168540697584e-06,1372,False,False
LPAR5,3.568049795139217e-06,1373,False,False
LINC00111,3.5397794941699994e-06,1374,False,False
ENSG00000257997,3.537189538580888e-06,1375,False,False
ENSG00000226506,3.4642142725031853e-06,1376,False,False
FCRL6,3.4223944798201088e-06,1377,False,False
KCNK5,3.3820329154115132e-06,1378,False,False
MARCKSL1P2,3.3485309048473257e-06,1379,False,False
RGS18,3.330243163786588e-06,1380,False,False
ENSG00000259433,3.3241260464719836e-06,1381,False,False
ENSG00000253177,3.267953994214282e-06,1382,False,False
ENSG00000286036,3.2320051122585353e-06,1383,False,False
PLAAT4,3.196849166802524e-06,1384,False,False
CUBNP2,3.1623629887388296e-06,1385,False,False
ENSG00000236299,3.1571591476224724e-06,1386,False,False
LINC00671,3.1490719725895125e-06,1387,False,False
FGR,3.1027441262854727e-06,1388,False,False
RN7SL403P,3.0742130345591906e-06,1389,False,False
ENSG00000203825,3.053139104233399e-06,1390,False,False
ENSG00000276693,3.0419637504285934e-06,1391,False,False
IL22RA2,3.019567327871466e-06,1392,False,False
ENSG00000277304,2.9750626971493025e-06,1393,False,False
ENSG00000230626,2.9625587600664312e-06,1394,False,False
ZNF729,2.9590938341439605e-06,1395,False,False
ENSG00000276204,2.9561002315635417e-06,1396,False,False
ENSG00000279321,2.953906009761067e-06,1397,False,False
BCAN-AS1,2.928503762798718e-06,1398,False,False
MIF-AS1,2.89898230087847e-06,1399,False,False
MMRN1,2.895602674277638e-06,1400,False,False
EPS8L1,2.8643327799958616e-06,1401,False,False
LACTBL1,2.8591094868046468e-06,1402,False,False
ENSG00000279440,2.846362767267056e-06,1403,False,False
HIGD2B,2.837522408144085e-06,1404,False,False
ENSG00000253879,2.811778436201857e-06,1405,False,False
SCOC-AS1,2.796303879068163e-06,1406,False,False
ENSG00000240687,2.775639537532534e-06,1407,False,False
ZNF705G,2.7306208403820834e-06,1408,False,False
ENSG00000279960,2.721493182521324e-06,1409,False,False
ENSG00000278395,2.713227038537027e-06,1410,False,False
WWP1P1,2.698911750722068e-06,1411,False,False
ENSG00000236817,2.6802406748263e-06,1412,False,False
ENSG00000198358,2.6776159485101487e-06,1413,False,False
NKX6-2,2.650943455394047e-06,1414,False,False
ENSG00000237588,2.650666883277209e-06,1415,False,False
POU3F4,2.6487053264941702e-06,1416,False,False
FGF19,2.630086251076219e-06,1417,False,False
LINC01653,2.619460195326019e-06,1418,False,False
ENSG00000237283,2.605522503646695e-06,1419,False,False
ENSG00000287425,2.58052111983676e-06,1420,False,False
RASSF9,2.5773928724295567e-06,1421,False,False
FMO10P,2.576741700777717e-06,1422,False,False
SLC2A7,2.5752734508578476e-06,1423,False,False
AGR3,2.5644322045020024e-06,1424,False,False
MAPK8IP1P2,2.5616077710391775e-06,1425,False,False
ESPN,2.541948435525818e-06,1426,False,False
ENSG00000273711,2.5382019672167394e-06,1427,False,False
LINC00572,2.5273690108309895e-06,1428,False,False
OR5M2P,2.52491089985519e-06,1429,False,False
LINC02719,2.5139295305446112e-06,1430,False,False
FKBP14,2.5105275884769283e-06,1431,False,False
ENSG00000248203,2.506528196736186e-06,1432,False,False
MIR4290HG,2.5037424147990872e-06,1433,False,False
ENSG00000286450,2.502726263121867e-06,1434,False,False
ENSG00000260558,2.49653730171384e-06,1435,False,False
ENSG00000285959,2.493221591306156e-06,1436,False,False
ENSG00000264451,2.4868590915977205e-06,1437,False,False
GLYATL1B,2.4722327143275194e-06,1438,False,False
LAX1,2.4604869234826365e-06,1439,False,False
ENSG00000250333,2.4484861284686464e-06,1440,False,False
VN1R42P,2.4411396555691064e-06,1441,False,False
LINC02128,2.440903744090307e-06,1442,False,False
SPTA1,2.427263777760833e-06,1443,False,False
SPRR2E,2.4250354035885196e-06,1444,False,False
FNDC11,2.422375345511646e-06,1445,False,False
NIFKP3,2.41820177381556e-06,1446,False,False
TNS4,2.4129784832986325e-06,1447,False,False
TGM5,2.411406290163717e-06,1448,False,False
HTRA3,2.4039669449568086e-06,1449,False,False
PABPC3,2.399819132499662e-06,1450,False,False
ONECUT3,2.3974699769186825e-06,1451,False,False
BAGE2,2.3964697071910404e-06,1452,False,False
SPMIP9,2.3909840488915807e-06,1453,False,False
ENSG00000289079,2.3850787958734363e-06,1454,False,False
HLA-E,2.3812258641895244e-06,1455,False,False
LINC02019,2.381002855960252e-06,1456,False,False
TRIML2,2.371033213070252e-06,1457,False,False
GPR176-DT,2.351428705510522e-06,1458,False,False
UGT1A8,2.3504507592426343e-06,1459,False,False
C1orf127,2.347661461220783e-06,1460,False,False
ZNF728,2.344476924141849e-06,1461,False,False
ENSG00000256969,2.3414438581063715e-06,1462,False,False
SLAMF6,2.3361082145476406e-06,1463,False,False
ENSG00000225407,2.335134619876434e-06,1464,False,False
ENSG00000230803,2.3348525989043157e-06,1465,False,False
DUXA,2.3289891202529596e-06,1466,False,False
ENSG00000288777,2.3244926395798953e-06,1467,False,False
LBP,2.3149366553885215e-06,1468,False,False
TOP2A,2.2987840531868995e-06,1469,False,False
ENSG00000287057,2.2960758040526383e-06,1470,False,False
ENSG00000235726,2.2897656761430445e-06,1471,False,False
IFNL3,2.2729424848674657e-06,1472,False,False
CEACAM20,2.2622609290130705e-06,1473,False,False
ENSG00000267223,2.2597564225399323e-06,1474,False,False
MED15P7,2.2591891479648997e-06,1475,False,False
RBMY2JP,2.257290480168812e-06,1476,False,False
ENSG00000286395,2.252925239796939e-06,1477,False,False
MIR3663HG,2.251530306639479e-06,1478,False,False
LINC02560,2.250519303621388e-06,1479,False,False
EVA1CP6,2.2475607237671453e-06,1480,False,False
Y_RNA-711,2.2373791454142927e-06,1481,False,False
ENSG00000264695,2.2033819826514577e-06,1482,False,False
ENSG00000286541,2.202718663512829e-06,1483,False,False
CD300E,2.20096375502625e-06,1484,False,False
ODAD1,2.1970677092755692e-06,1485,False,False
LGALS4,2.196459106931468e-06,1486,False,False
ENSG00000273476,2.192352268017489e-06,1487,False,False
CCDC187,2.190062074469126e-06,1488,False,False
DNM1P46,2.1865431435021873e-06,1489,False,False
IL21,2.1808004370493093e-06,1490,False,False
OR10G4,2.1677908692537707e-06,1491,False,False
HDC,2.1633390743636645e-06,1492,False,False
MIR4432HG,2.161993092942568e-06,1493,False,False
ENSG00000264813,2.1615120890664e-06,1494,False,False
ENSG00000288796,2.1584331374461443e-06,1495,False,False
NBPF7P,2.1504645404872905e-06,1496,False,False
MTHFD2P1,2.1387923138930973e-06,1497,False,False
SALL3,2.138035206246161e-06,1498,False,False
ENSG00000267026,2.1328059527263245e-06,1499,False,False
CLEC17A,2.128703431129194e-06,1500,False,False
LINC02999,2.108581094225772e-06,1501,False,False
EFS,2.0885482767565052e-06,1502,False,False
LAIR1,2.083281436406541e-06,1503,False,False
F9,2.074146042093044e-06,1504,False,False
SLC18A1,2.074066095578246e-06,1505,False,False
TLX2,2.0589604080089896e-06,1506,False,False
CLCP2,2.0470759797981643e-06,1507,False,False
ENSG00000233689,2.0445761912433805e-06,1508,False,False
ISCA1P3,2.0338306897377176e-06,1509,False,False
EFCAB9,2.007340718098551e-06,1510,False,False
GTF3C2-AS1,2.0020053828853844e-06,1511,False,False
ENSG00000236431,1.98861642091524e-06,1512,False,False
INO80B,1.978540117040966e-06,1513,False,False
LINC02142,1.9741718686737695e-06,1514,False,False
ENSG00000230096,1.9499190888523734e-06,1515,False,False
CDA,1.9437528876371532e-06,1516,False,False
ENSG00000261578,1.926277667443636e-06,1517,False,False
HDGFL3P1,1.9255256789208406e-06,1518,False,False
LINC02089,1.8997995489496765e-06,1519,False,False
ENSG00000276294,1.8554768922680615e-06,1520,False,False
ENSG00000267462,1.8278756777059698e-06,1521,False,False
ENSG00000279622,1.8246704834881263e-06,1522,False,False
ENSG00000288782,1.7904252196028678e-06,1523,False,False
ENSG00000253471,1.7707170651526944e-06,1524,False,False
ENSG00000249892,1.7570796985400393e-06,1525,False,False
IGSF23,1.7367473310383821e-06,1526,False,False
ENSG00000240040,1.6862687729677488e-06,1527,False,False
LYSMD1,1.6426602964937661e-06,1528,False,False
ENSG00000287190,1.6076177226607482e-06,1529,False,False
SLPI,1.5456955195207366e-06,1530,False,False
TTLL13,1.5247627907070202e-06,1531,False,False
LINC00251,1.4560727554760908e-06,1532,False,False
ENSG00000276570,1.311021571884821e-06,1533,False,False
ENSG00000258346,9.859643941564495e-07,1534,False,False
ENSG00000230472,9.207849660697775e-07,1535,False,False
CARD6,8.44465613776506e-07,1536,False,False
ENSG00000274156,7.345970679564576e-07,1537,False,False
RN7SKP106,2.573119275274154e-07,1538,False,False
MATN3,1.2273628285501662e-18,1539,False,False
CYP17A1,4.369288094024486e-19,1540,False,False
ENSG00000250644,3.806477166662304e-19,1541,False,False
ENSG00000289090,9.077316177218654e-20,1542,False,False
OR4D9,8.934398113765364e-20,1543,False,False
ENSG00000288208,8.741835945335999e-20,1544,False,False
PGR-AS1,7.67839332263556e-20,1545,False,False
CD34,5.714244937790109e-20,1546,False,False
LINC03057,4.2293280068118455e-20,1547,False,False
ENSG00000253217,3.7760049658264925e-20,1548,False,False
ENSG00000285789,2.9030210854823297e-20,1549,False,False
ENSG00000262488,2.8828003997613735e-20,1550,False,False
SLC9B1P4,2.364466624695699e-20,1551,False,False
TBX5,1.9738800592995974e-20,1552,False,False
ENSG00000233139,1.872410660757522e-20,1553,False,False
ADIPOQ,1.8420479181133612e-20,1554,False,False
ENSG00000289089,1.7299933016515554e-20,1555,False,False
DMBX1,1.4538739084324134e-20,1556,False,False
PLA2G4F,1.2436815673877847e-20,1557,False,False
ENSG00000273712,6.168521311408897e-21,1558,False,False
SAA1,6.006838232063915e-21,1559,False,False
LINC02532,5.975390637794318e-21,1560,False,False
NGRNP1,5.536528668664492e-21,1561,False,False
SFRP1,5.505138454739651e-21,1562,False,False
SMASR,5.2923025522187845e-21,1563,False,False
ENSG00000225209,4.642812819585377e-21,1564,False,False
ENSG00000266995,4.331198815614826e-21,1565,False,False
BEST2,3.748638255272657e-21,1566,False,False
ARHGAP36,2.5192375947690956e-21,1567,False,False
FAM240A,2.165599407807413e-21,1568,False,False
ENSG00000258534,1.716250642497344e-21,1569,False,False
RNU4-58P,0.0,1570,False,False
ENSG00000262370,0.0,1571,False,False
CASC22,0.0,1572,False,False
ZNF597,0.0,1573,False,False
DYNC1LI2-DT,0.0,1574,False,False
ENSG00000240338,0.0,1575,False,False
CNTNAP4,0.0,1576,False,False
SDR42E1,0.0,1577,False,False
GOLGA8J,0.0,1578,False,False
CA7,0.0,1579,False,False
LINC01243,0.0,1580,False,False
EEF1A1P22,0.0,1581,False,False
ENSG00000261312,0.0,1582,False,False
LINC02130,0.0,1583,False,False
ENSG00000279708,0.0,1584,False,False
ENSG00000236687,0.0,1585,False,False
EEF1A1P38,0.0,1586,False,False
LINC02183,0.0,1587,False,False
SNX30-DT,0.0,1588,False,False
ENSG00000228739,0.0,1589,False,False
ENSG00000270691,0.0,1590,False,False
VN1R7P,0.0,1591,False,False
C8orf82,0.0,1592,False,False
ALKAL1,0.0,1593,False,False
ENSG00000253374,0.0,1594,False,False
ENSG00000288761,0.0,1595,False,False
CLRN2,0.0,1596,False,False
ARHGAP40,0.0,1597,False,False
FOXE1,0.0,1598,False,False
ENSG00000289492,0.0,1599,False,False
ENSG00000273254,0.0,1600,False,False
GLTC1,0.0,1601,False,False
RNF6P1,0.0,1602,False,False
LINC00474,0.0,1603,False,False
CHST5,0.0,1604,False,False
CIBAR2,0.0,1605,False,False
ATMIN,0.0,1606,False,False
LINC00967,0.0,1607,False,False
ENSG00000284702,0.0,1608,False,False
PLA2G2F,0.0,1609,False,False
SBF1P2,0.0,1610,False,False
ENSG00000248762,0.0,1611,False,False
ENSG00000287204,0.0,1612,False,False
ENSG00000248964,0.0,1613,False,False
ENSG00000287166,0.0,1614,False,False
ENSG00000244113,0.0,1615,False,False
TNFRSF10D,0.0,1616,False,False
NOS2P3,0.0,1617,False,False
NBR2,0.0,1618,False,False
ENSG00000279134,0.0,1619,False,False
LINC02443,0.0,1620,False,False
NOP56P3,0.0,1621,False,False
SALL1,0.0,1622,False,False
PRCD,0.0,1623,False,False
SNHG26,0.0,1624,False,False
MKI67,0.0,1625,False,False
ENSG00000204117,0.0,1626,False,False
RNU6-147P,0.0,1627,False,False
TMEM225,0.0,1628,False,False
CCL2,0.0,1629,False,False
DEXI,0.0,1630,False,False
ADGRG3,0.0,1631,False,False
B3GNT9,0.0,1632,False,False
FAM222A-AS1,0.0,1633,False,False
OLA1P3,0.0,1634,False,False
ENSG00000254347,0.0,1635,False,False
ENSG00000253427,0.0,1636,False,False
ENSG00000254687,0.0,1637,False,False
ENSG00000284603,0.0,1638,False,False
LNMICC,0.0,1639,False,False
ENSG00000260640,0.0,1640,False,False
ENSG00000287845,0.0,1641,False,False
NPIPB9,0.0,1642,False,False
UMLILO,0.0,1643,False,False
UGT2B26P,0.0,1644,False,False
ENSG00000250945,0.0,1645,False,False
SYS1,0.0,1646,False,False
MMP9,0.0,1647,False,False
FAM209A,0.0,1648,False,False
ENSG00000223761,0.0,1649,False,False
ENSG00000253583,0.0,1650,False,False
ENSG00000287928,0.0,1651,False,False
LINC02138,0.0,1652,False,False
ACSM2B,0.0,1653,False,False
SLC6A2,0.0,1654,False,False
KCNG4,0.0,1655,False,False
ENSG00000249072,0.0,1656,False,False
KRT3,0.0,1657,False,False
KRT18,0.0,1658,False,False
ENSG00000279528,0.0,1659,False,False
ENSG00000203262,0.0,1660,False,False
ENSG00000284618,0.0,1661,False,False
SPRYD7P1,0.0,1662,False,False
ENSG00000235274,0.0,1663,False,False
EOLA2,0.0,1664,False,False
SIX1,0.0,1665,False,False
LINC00640,0.0,1666,False,False
GPR33,0.0,1667,False,False
ENSG00000286582,0.0,1668,False,False
LINC02323,0.0,1669,False,False
ENSG00000281386,0.0,1670,False,False
RN7SL3,0.0,1671,False,False
LINC01467,0.0,1672,False,False
ENSG00000228587,0.0,1673,False,False
POTEH,0.0,1674,False,False
ENSG00000288811,0.0,1675,False,False
TLR9,0.0,1676,False,False
NR1I2,0.0,1677,False,False
PAQR9,0.0,1678,False,False
ENSG00000288724,0.0,1679,False,False
RN7SL385P,0.0,1680,False,False
MUC5AC,0.0,1681,False,False
ENSG00000255347,0.0,1682,False,False
OR4C4P,0.0,1683,False,False
VSX2,0.0,1684,False,False
ENSG00000237498,0.0,1685,False,False
ANKRD11P1,0.0,1686,False,False
ENSG00000285218,0.0,1687,False,False
ENSG00000240478,0.0,1688,False,False
TM4SF4,0.0,1689,False,False
YEATS2-AS1,0.0,1690,False,False
ENSG00000235126,0.0,1691,False,False
TRAT1,0.0,1692,False,False
SLC38A3,0.0,1693,False,False
ENSG00000244358,0.0,1694,False,False
ENSG00000289427,0.0,1695,False,False
PTMAP5,0.0,1696,False,False
LINC00379,0.0,1697,False,False
ENSG00000276929,0.0,1698,False,False
ENSG00000255357,0.0,1699,False,False
ENSG00000284686,0.0,1700,False,False
STAG1-DT,0.0,1701,False,False
IRS4-AS1,0.0,1702,False,False
ENSG00000287024,0.0,1703,False,False
XPNPEP2,0.0,1704,False,False
MFN1P1,0.0,1705,False,False
AGMAT,0.0,1706,False,False
LINC01053,0.0,1707,False,False
ENSG00000279511,0.0,1708,False,False
LINC02735,0.0,1709,False,False
ENSG00000276407,0.0,1710,False,False
DAOA-AS1,0.0,1711,False,False
PAGE2,0.0,1712,False,False
ENSG00000227459,0.0,1713,False,False
GNE,0.0,1714,False,False
ENSG00000284500,0.0,1715,False,False
ENSG00000276473,0.0,1716,False,False
C15orf48,0.0,1717,False,False
RNU6-1228P,0.0,1718,False,False
MTCYBP15,0.0,1719,False,False
ENSG00000282849,0.0,1720,False,False
NPHS2,0.0,1721,False,False
ENSG00000235152,0.0,1722,False,False
ENSG00000224260,0.0,1723,False,False
LINC01740,0.0,1724,False,False
CAPN3,0.0,1725,False,False
MIR1268A,0.0,1726,False,False
LNCEGFL7OS,0.0,1727,False,False
LINC02252,0.0,1728,False,False
ENSG00000244251,0.0,1729,False,False
ICOSLG,0.0,1730,False,False
CECR3,0.0,1731,False,False
ZNF280A,0.0,1732,False,False
ENSG00000250613,0.0,1733,False,False
LINC02501,0.0,1734,False,False
ENSG00000232471,0.0,1735,False,False
LINC02643,0.0,1736,False,False
ENSG00000287420,0.0,1737,False,False
NDST2,0.0,1738,False,False
LINC02891,0.0,1739,False,False
FXYD4,0.0,1740,False,False
LINC02640,0.0,1741,False,False
ENSG00000262560,0.0,1742,False,False
GS1-600G8.3,0.0,1743,False,False
ENSG00000223742,0.0,1744,False,False
ENSG00000271519,0.0,1745,False,False
POTEG,0.0,1746,False,False
ENSG00000287913,0.0,1747,False,False
PLEKHG6,0.0,1748,False,False
ENSG00000287741,0.0,1749,False,False
IFNA21,0.0,1750,False,False
OR13J1,0.0,1751,False,False
FCN1,0.0,1752,False,False
DUSP10,0.0,1753,False,False
RNU6-1004P,0.0,1754,False,False
ENSG00000289105,0.0,1755,False,False
OR13I1P,0.0,1756,False,False
ENSG00000289344,0.0,1757,False,False
SERPINA12,0.0,1758,False,False
TROAP,0.0,1759,False,False
EBLN1,0.0,1760,False,False
ENSG00000226169,0.0,1761,False,False
LGALS2,0.0,1762,False,False
ENSG00000226954,0.0,1763,False,False
ENSG00000269570,0.0,1764,False,False
ENSG00000249590,0.0,1765,False,False
MB,0.0,1766,False,False
ENSG00000285981,0.0,1767,False,False
ENSG00000236146,0.0,1768,False,False
ENSG00000288023,0.0,1769,False,False
HMGB1P37,0.0,1770,False,False
ENSG00000289229,0.0,1771,False,False
CD8B2,0.0,1772,False,False
HIGD2AP1,0.0,1773,False,False
NMUR1,0.0,1774,False,False
OR1M1,0.0,1775,False,False
CYP4A11,0.0,1776,False,False
ZC3H11B,0.0,1777,False,False
LINC02529,0.0,1778,False,False
ENSG00000229495,0.0,1779,False,False
ZNF585A,0.0,1780,False,False
RDH8,0.0,1781,False,False
LRRC25,0.0,1782,False,False
FUT3,0.0,1783,False,False
ELSPBP1,0.0,1784,False,False
ENSG00000286821,0.0,1785,False,False
ENSG00000227678,0.0,1786,False,False
FFAR2,0.0,1787,False,False
ENSG00000287556,0.0,1788,False,False
GLYATL3,0.0,1789,False,False
HK2-DT,0.0,1790,False,False
CXCR2,0.0,1791,False,False
ENSG00000226939,0.0,1792,False,False
ENSG00000270659,0.0,1793,False,False
CNRIP1,0.0,1794,False,False
C5orf58,0.0,1795,False,False
H3Y2,0.0,1796,False,False
SPATA31J1,0.0,1797,False,False
ENSG00000289553,0.0,1798,False,False
IFNL4,0.0,1799,False,False
RALBP1P2,0.0,1800,False,False
DES,0.0,1801,False,False
BSPH1,0.0,1802,False,False
CYP2T3P,0.0,1803,False,False
LAIR2,0.0,1804,False,False
KIR3DX1,0.0,1805,False,False
TRIP10,0.0,1806,False,False
SH2D3A,0.0,1807,False,False
ENSG00000269469,0.0,1808,False,False
DPRX,0.0,1809,False,False
GSTA10P,0.0,1810,False,False
NCR2,0.0,1811,False,False
TRIM38,0.0,1812,False,False
LINC01173,0.0,1813,False,False
ENSG00000284607,0.0,1814,False,False
ASF1A,0.0,1815,False,False
ENSG00000235099,0.0,1816,False,False
MRPL30P1,0.0,1817,False,False
SYNE1-AS1,0.0,1818,False,False
LILRB5,0.0,1819,False,False
ENSG00000267282,0.0,1820,False,False
ENSG00000227834,0.0,1821,False,False
OR5A1,0.0,1822,False,False
ENSG00000254187,0.0,1823,False,False
ENSG00000278965,0.0,1824,False,False
ENSG00000271795,0.0,1825,False,False
ENSG00000254350,0.0,1826,False,False
HSPA9P1,0.0,1827,False,False
MPIG6B,0.0,1828,False,False
NOP16,0.0,1829,False,False
ENSG00000284744,0.0,1830,False,False
H2BP1,0.0,1831,False,False
ENSG00000289062,0.0,1832,False,False
TUBAL3,0.0,1833,False,False
ENSG00000233842,0.0,1834,False,False
RAC1P3,0.0,1835,False,False
ENSG00000240521,0.0,1836,False,False
MYD88,0.0,1837,False,False
CPN2,0.0,1838,False,False
ENSG00000241884,0.0,1839,False,False
NPR1,0.0,1840,False,False
LINC02772,0.0,1841,False,False
ENSG00000289231,0.0,1842,False,False
ENSG00000287746,0.0,1843,False,False
PRECSIT,0.0,1844,False,False
FSCB,0.0,1845,False,False
ZCRB1P1,0.0,1846,False,False
PRICKLE3,0.0,1847,False,False
ENSG00000121388,0.0,1848,False,False
ENSG00000283579,0.0,1849,False,False
LINC00384,0.0,1850,False,False
LINC01076,0.0,1851,False,False
TTTY22,0.0,1852,False,False
ENSG00000289570,0.0,1853,False,False
GAGE12F,0.0,1854,False,False
TNFSF11,0.0,1855,False,False
TPTE2P2,0.0,1856,False,False
ENSG00000255057,0.0,1857,False,False
ENSG00000281613,0.0,1858,False,False
ENSG00000187472,0.0,1859,False,False
GSTA2,0.0,1860,False,False
VNN3P,0.0,1861,False,False
NPM1P10,0.0,1862,False,False
OR7E25P,0.0,1863,False,False
OR7A17,0.0,1864,False,False
SIGLEC10,0.0,1865,False,False
SPIB,0.0,1866,False,False
LINC01366,0.0,1867,False,False
ENSG00000275846,0.0,1868,False,False
NOP56P1,0.0,1869,False,False
ENSG00000248949,0.0,1870,False,False
FTH1P5,0.0,1871,False,False
TCTE1,0.0,1872,False,False
KLKP1,0.0,1873,False,False
LINC03078,0.0,1874,False,False
APOC1P1,0.0,1875,False,False
MYBPC3,0.0,1876,False,False
ENSG00000284969,0.0,1877,False,False
ENSG00000255511,0.0,1878,False,False
PPP4R3B-DT,0.0,1879,False,False
ENSG00000226764,0.0,1880,False,False
ENSG00000236989,0.0,1881,False,False
SMIM23,0.0,1882,False,False
ENSG00000283602,0.0,1883,False,False
ENSG00000249295,0.0,1884,False,False
LINC01016,0.0,1885,False,False
RN7SL556P,0.0,1886,False,False
OR2A3P,0.0,1887,False,False
OR2A12,0.0,1888,False,False
ENSG00000285930,0.0,1889,False,False
LIMD2,0.0,1890,False,False
ENSG00000287993,0.0,1891,False,False
ENSG00000264693,0.0,1892,False,False
ENSG00000226816,0.0,1893,False,False
GPBAR1,0.0,1894,False,False
PRR27,0.0,1895,False,False
EXOC1L,0.0,1896,False,False
ENSG00000250646,0.0,1897,False,False
C4orf17,0.0,1898,False,False
RNU2-63P,0.0,1899,False,False
LINC01726,0.0,1900,False,False
CNPY4,0.0,1901,False,False
PPP1R35-AS1,0.0,1902,False,False
Metazoa_SRP-143,0.0,1903,False,False
TMEM176B,0.0,1904,False,False
AEBP1,0.0,1905,False,False
KRT83,0.0,1906,False,False
ENSG00000286765,0.0,1907,False,False
ENSG00000286756,0.0,1908,False,False
ENSG00000250899,0.0,1909,False,False
ENSG00000284393,0.0,1910,False,False
LINC01518,0.0,1911,False,False
OR6D1P,0.0,1912,False,False
ENSG00000214797,0.0,1913,False,False
ENSG00000286816,0.0,1914,False,False
ENSG00000277693,0.0,1915,False,False
GSTCD,0.0,1916,False,False
SMIM18,0.0,1917,False,False
AOC4P,0.0,1918,False,False
ENSG00000285947,0.0,1919,False,False
ENSG00000264735,0.0,1920,False,False
KRT42P,0.0,1921,False,False
TRIM63,0.0,1922,False,False
ENSG00000277087,0.0,1923,False,False
ENSG00000278153,0.0,1924,False,False
LINC01746,0.0,1925,False,False
ENSG00000232130,0.0,1926,False,False
ENSG00000288102,0.0,1927,False,False
P4HA3-AS1,0.0,1928,False,False
ENSG00000232358,0.0,1929,False,False
CBR4-DT,0.0,1930,False,False
ENSG00000249642,0.0,1931,False,False
ENSG00000270104,0.0,1932,False,False
ENSG00000234917,0.0,1933,False,False
GTF2I-AS1,0.0,1934,False,False
ENSG00000271027,0.0,1935,False,False
CCL24,0.0,1936,False,False
USP32P2,0.0,1937,False,False
ENSG00000250751,0.0,1938,False,False
ENSG00000230709,0.0,1939,False,False
ENSG00000273098,0.0,1940,False,False
DNAI2,0.0,1941,False,False
ENSG00000285563,0.0,1942,False,False
ENSG00000225884,0.0,1943,False,False
ENSG00000289320,0.0,1944,False,False
ENSG00000250604,0.0,1945,False,False
ENSG00000236531,0.0,1946,False,False
LINC02417,0.0,1947,False,False
ENSG00000277705,0.0,1948,False,False
GTF2IP8,0.0,1949,False,False
ENSG00000282535,0.0,1950,False,False
MISP,0.0,1951,False,False
C1orf141,0.0,1952,False,False
PHC2-AS1,0.0,1953,False,False
ENSG00000278905,0.0,1954,False,False
C9,0.0,1955,False,False
ASPRV1,0.0,1956,False,False
ENSG00000237666,0.0,1957,False,False
LINC01527,0.0,1958,False,False
RHAG,0.0,1959,False,False
CEACAM7,0.0,1960,False,False
ENSG00000267567,0.0,1961,False,False
CYP2B6,0.0,1962,False,False
H3C6,0.0,1963,False,False
GUSBP14,0.0,1964,False,False
ENSG00000279240,0.0,1965,False,False
ENSG00000286809,0.0,1966,False,False
ENSG00000287120,0.0,1967,False,False
ENSG00000231039,0.0,1968,False,False
LINC00703,0.0,1969,False,False
WBP11P2,0.0,1970,False,False
ENSG00000287984,0.0,1971,False,False
ENSG00000287742,0.0,1972,False,False
RN7SL596P,0.0,1973,False,False
SAA4,0.0,1974,False,False
ENSG00000272056,0.0,1975,False,False
TCF23,0.0,1976,False,False
AOX3P,0.0,1977,False,False
INAVA,0.0,1978,False,False
ENSG00000284657,0.0,1979,False,False
MYL10,0.0,1980,False,False
TRBV23-1,0.0,1981,False,False
ENSG00000227743,0.0,1982,False,False
ENSG00000279043,0.0,1983,False,False
SKA1,0.0,1984,False,False
POTEF,0.0,1985,False,False
ASB4,0.0,1986,False,False
ENSG00000228429,0.0,1987,False,False
LINC03017,0.0,1988,False,False
PON3,0.0,1989,False,False
EPDR1,0.0,1990,False,False
ATF6-DT,0.0,1991,False,False
ENSG00000280302,0.0,1992,False,False
LINC01904,0.0,1993,False,False
ENSG00000228303,0.0,1994,False,False
ENSG00000251168,0.0,1995,False,False
FTH1P10,0.0,1996,False,False
ENSG00000287471,0.0,1997,False,False
ENSG00000225230,0.0,1998,False,False
ENSG00000229229,0.0,1999,False,False
CYP4F8,0.0,2000,False,False
