gene,frequency,in_observed
HSP90AA1,1.0,True
SNTG1,1.0,True
ERBB4,1.0,True
ROBO2,1.0,True
LUC7L3,1.0,True
KIAA1217,1.0,True
RBM25,1.0,True
ANKRD12,1.0,True
SPARCL1,1.0,True
DPP10,1.0,True
PRRC2C,1.0,True
MGAT4C,1.0,True
SGCZ,0.9,True
LINC00342,0.9,True
TMSB4X,0.8,True
ENSG00000274422,0.8,True
DYNC2I1,0.8,True
GALNTL6,0.8,True
KCNIP4,0.8,False
PPIG,0.7,True
ZC3H13,0.6,True
GRIK1,0.6,False
SREK1,0.4,True
ENSG00000224363,0.4,False
ADARB2,0.4,False
ROBO1,0.4,False
ENO2,0.3,True
ENSG00000230021,0.3,True
IL3RA,0.2,False
ENSG00000225689,0.2,False
ENSG00000258410,0.2,False
DSCAM,0.2,False
SUSD4,0.1,False
CEP290,0.1,False
CHRM3,0.1,False
IL2RA,0.1,False
PCAT1,0.1,False
ENSG00000253300,0.1,False
EPHA1-AS1,0.1,False
MAP1A,0.1,False
BOD1L1,0.1,False
GRID2,0.1,False
ST6GALNAC5,0.1,False
