seed,rank,gene
42,1,HSP90AA1
42,2,KCNIP4
42,3,SNHG14
42,4,RALYL
42,5,ERBB4
42,6,LUC7L3
42,7,COPG2
42,8,SLC24A2
42,9,WWOX
42,10,NCAM2
42,11,CNTN5
42,12,RBM25
42,13,ANKRD12
42,14,DOCK4
42,15,DPP10
42,16,FRMD5
42,17,SPOCK1
42,18,HS6ST3
42,19,FHIT
42,20,ROBO2
42,21,PLCL1
42,22,ELMO1
42,23,NPAS3
42,24,SLC44A1
42,25,ARAP2
42,26,MAN2A1
42,27,DPYD
42,28,GRID2
42,29,DIP2B
42,30,QKI
42,31,FRYL
42,32,ZEB2
42,33,TCF12
42,34,ZC3H13
42,35,EDIL3
42,36,PLXDC2
42,37,ZNF91
42,38,ENSG00000230021
42,39,PDE4B
42,40,PIP4K2A
42,41,SLAIN1
43,1,HSP90AA1
43,2,KCNIP4
43,3,SNHG14
43,4,LUC7L3
43,5,RALYL
43,6,DPP10
43,7,COPG2
43,8,NPAS3
43,9,RBM25
43,10,SLC24A2
43,11,DOCK4
43,12,WWOX
43,13,NCAM2
43,14,ANKRD12
43,15,FRMD5
43,16,CNTN5
43,17,PLCL1
43,18,SPOCK1
43,19,FHIT
43,20,SLC44A1
43,21,HS6ST3
43,22,ARAP2
43,23,DIP2B
43,24,FRYL
43,25,MAN2A1
43,26,ELMO1
43,27,ROBO2
43,28,EDIL3
43,29,DPYD
43,30,QKI
43,31,ZC3H13
43,32,GRID2
43,33,ZNF91
44,1,HSP90AA1
44,2,SNHG14
44,3,KCNIP4
44,4,RBM25
44,5,LUC7L3
44,6,RALYL
44,7,DPP10
44,8,FRMD5
44,9,SLC24A2
44,10,WWOX
44,11,NCAM2
44,12,COPG2
44,13,NPAS3
44,14,ANKRD12
44,15,SPOCK1
44,16,HS6ST3
44,17,DOCK4
44,18,CNTN5
44,19,FHIT
44,20,PLCL1
44,21,SLC44A1
44,22,FRYL
44,23,ELMO1
44,24,ROBO2
44,25,DIP2B
44,26,MAN2A1
44,27,DPYD
44,28,ARAP2
44,29,GRID2
44,30,QKI
44,31,ZNF91
44,32,PLXDC2
44,33,ZC3H13
44,34,EDIL3
44,35,MGAT4C
44,36,ENSG00000230021
44,37,SCD5
45,1,FKBP5
45,2,DPP10
45,3,DOCK10
45,4,SNHG14
45,5,KCNIP4
45,6,SLC24A2
45,7,LUC7L3
45,8,RALYL
45,9,COPG2
45,10,NCAM2
45,11,DOCK4
45,12,FRMD5
45,13,WWOX
45,14,HSP90AA1
45,15,RBM25
45,16,FHIT
45,17,ANKRD12
45,18,NPAS3
45,19,HS6ST3
45,20,CNTN5
45,21,SLC44A1
45,22,ELMO1
45,23,SPOCK1
45,24,FRYL
45,25,DIP2B
45,26,ARAP2
45,27,PLCL1
45,28,ROBO2
45,29,ZC3H13
45,30,EDIL3
45,31,ZEB2
45,32,DPYD
45,33,MAN2A1
45,34,QKI
45,35,CTNNA3
45,36,TCF12
45,37,MGAT4C
46,1,HSP90AA1
46,2,KCNIP4
46,3,SNHG14
46,4,RALYL
46,5,DPP10
46,6,ERBB4
46,7,COPG2
46,8,LUC7L3
46,9,WWOX
46,10,SLC24A2
46,11,RBM25
46,12,NCAM2
46,13,DOCK4
46,14,FRMD5
46,15,FHIT
46,16,CNTN5
46,17,SPOCK1
46,18,NPAS3
46,19,ANKRD12
46,20,ARAP2
46,21,DIP2B
46,22,ROBO2
46,23,FRYL
46,24,HS6ST3
46,25,SLC44A1
46,26,PLCL1
46,27,ELMO1
46,28,DPYD
46,29,MAN2A1
47,1,HSP90AA1
47,2,KCNIP4
47,3,ERBB4
47,4,SNHG14
47,5,LUC7L3
47,6,RALYL
47,7,NCAM2
47,8,SLC24A2
47,9,RBM25
47,10,WWOX
47,11,COPG2
47,12,FRMD5
47,13,ANKRD12
47,14,CNTN5
47,15,DPP10
47,16,DOCK4
47,17,FHIT
47,18,SPOCK1
47,19,SLC44A1
47,20,PLCL1
47,21,NPAS3
47,22,HS6ST3
47,23,DIP2B
47,24,FRYL
47,25,ROBO2
47,26,ELMO1
47,27,MAN2A1
47,28,ARAP2
47,29,TCF12
47,30,ZC3H13
47,31,EDIL3
47,32,DPYD
47,33,BOD1L1
47,34,QKI
47,35,ZEB2
47,36,GRID2
47,37,PLXDC2
47,38,MGAT4C
47,39,ENSG00000230021
47,40,PALM2AKAP2
47,41,SREK1
47,42,SCD5
48,1,HSP90AA1
48,2,KCNIP4
48,3,SNHG14
48,4,QKI
48,5,LUC7L3
48,6,RALYL
48,7,DPP10
48,8,NCAM2
48,9,SLC24A2
48,10,COPG2
48,11,RBM25
48,12,WWOX
48,13,FRMD5
48,14,ANKRD12
48,15,DOCK4
48,16,CNTN5
48,17,SPOCK1
48,18,SLC44A1
48,19,ELMO1
48,20,HS6ST3
48,21,NPAS3
48,22,FHIT
48,23,ARAP2
48,24,ROBO2
48,25,PLCL1
48,26,DPYD
48,27,MAN2A1
48,28,FRYL
48,29,EDIL3
48,30,GRID2
48,31,DIP2B
48,32,ZNF91
48,33,BOD1L1
48,34,PLXDC2
49,1,HSP90AA1
49,2,KCNIP4
49,3,SNHG14
49,4,LUC7L3
49,5,RALYL
49,6,DPP10
49,7,NPAS3
49,8,SLC24A2
49,9,WWOX
49,10,FRMD5
49,11,NCAM2
49,12,COPG2
49,13,ANKRD12
49,14,RBM25
49,15,DOCK4
49,16,SPOCK1
49,17,CNTN5
49,18,SLC44A1
49,19,FHIT
49,20,ZC3H13
49,21,HS6ST3
49,22,FRYL
49,23,DIP2B
49,24,ROBO2
49,25,PLCL1
49,26,MAN2A1
49,27,ELMO1
49,28,EDIL3
49,29,ARAP2
49,30,DPYD
49,31,QKI
49,32,TCF12
49,33,ZEB2
49,34,GRID2
49,35,ZNF91
49,36,ENSG00000230021
49,37,PLXDC2
50,1,HSP90AA1
50,2,KCNIP4
50,3,SNHG14
50,4,SLC24A2
50,5,LUC7L3
50,6,RALYL
50,7,DPP10
50,8,FRMD5
50,9,NPAS3
50,10,NCAM2
50,11,WWOX
50,12,COPG2
50,13,RBM25
50,14,SPOCK1
50,15,DOCK4
50,16,ANKRD12
50,17,FHIT
50,18,PLCL1
50,19,HS6ST3
50,20,CNTN5
50,21,SLC44A1
50,22,FRYL
50,23,DIP2B
50,24,ROBO2
50,25,MAN2A1
50,26,ELMO1
50,27,ARAP2
50,28,DPYD
50,29,ZC3H13
50,30,GRID2
50,31,EDIL3
50,32,ZNF91
51,1,FKBP5
51,2,DPP10
51,3,SNHG14
51,4,KCNIP4
51,5,RALYL
51,6,ERBB4
51,7,LUC7L3
51,8,SLC24A2
51,9,WWOX
51,10,RBM25
51,11,COPG2
51,12,FRMD5
51,13,DOCK4
51,14,NCAM2
51,15,ANKRD12
51,16,HSP90AA1
51,17,ROBO2
51,18,CNTN5
51,19,FHIT
51,20,SPOCK1
51,21,PLCL1
51,22,NPAS3
51,23,HS6ST3
51,24,DIP2B
51,25,SLC44A1
51,26,ARAP2
51,27,FRYL
51,28,ELMO1
51,29,MAN2A1
51,30,EDIL3
51,31,TCF12
51,32,ZEB2
51,33,ZC3H13
51,34,GRID2
51,35,ZNF91
