gene,rank,n_shuffled_panels,shuffled_frequency,p_value
HSP90AA1,1,0,0.0,0.038461538461538464
KCNIP4,2,0,0.0,0.038461538461538464
SNHG14,3,0,0.0,0.038461538461538464
RALYL,4,0,0.0,0.038461538461538464
ERBB4,5,0,0.0,0.038461538461538464
LUC7L3,6,1,0.04,0.07692307692307693
COPG2,7,0,0.0,0.038461538461538464
SLC24A2,8,0,0.0,0.038461538461538464
WWOX,9,0,0.0,0.038461538461538464
NCAM2,10,0,0.0,0.038461538461538464
CNTN5,11,0,0.0,0.038461538461538464
RBM25,12,0,0.0,0.038461538461538464
ANKRD12,13,1,0.04,0.07692307692307693
DOCK4,14,0,0.0,0.038461538461538464
DPP10,15,0,0.0,0.038461538461538464
FRMD5,16,2,0.08,0.11538461538461539
SPOCK1,17,1,0.04,0.07692307692307693
HS6ST3,18,0,0.0,0.038461538461538464
FHIT,19,0,0.0,0.038461538461538464
ROBO2,20,0,0.0,0.038461538461538464
PLCL1,21,0,0.0,0.038461538461538464
ELMO1,22,0,0.0,0.038461538461538464
NPAS3,23,0,0.0,0.038461538461538464
SLC44A1,24,1,0.04,0.07692307692307693
ARAP2,25,1,0.04,0.07692307692307693
MAN2A1,26,0,0.0,0.038461538461538464
DPYD,27,0,0.0,0.038461538461538464
GRID2,28,0,0.0,0.038461538461538464
DIP2B,29,1,0.04,0.07692307692307693
QKI,30,0,0.0,0.038461538461538464
FRYL,31,0,0.0,0.038461538461538464
ZEB2,32,0,0.0,0.038461538461538464
TCF12,33,0,0.0,0.038461538461538464
ZC3H13,34,0,0.0,0.038461538461538464
EDIL3,35,1,0.04,0.07692307692307693
PLXDC2,36,0,0.0,0.038461538461538464
ZNF91,37,0,0.0,0.038461538461538464
ENSG00000230021,38,0,0.0,0.038461538461538464
PDE4B,39,1,0.04,0.07692307692307693
PIP4K2A,40,1,0.04,0.07692307692307693
SLAIN1,41,1,0.04,0.07692307692307693
