run,iteration,flip_rate
observed,2,0.3616502099648167
observed,3,0.052604698672114404
observed,4,0.058790148677789124
observed,5,0.09258313471796618
observed,6,0.043354897287481556
observed,7,0.03699920553853138
observed,8,0.029082964476222904
observed,9,0.034757689252071275
observed,10,0.0343037112700034
observed,11,0.0271819316763137
observed,12,0.03163659062535467
observed,13,0.021336965157189875
observed,14,0.02079786630348428
observed,15,0.020372261945295653
observed,16,0.01957780047667688
observed,17,0.02417432754511406
observed,18,0.033140392690954486
observed,19,0.02139371240494836
observed,20,0.02372034956304619
observed,21,0.021365338781069117
observed,22,0.016910679832028146
observed,23,0.021109976166155942
observed,24,0.01512314152763591
observed,25,0.013846328453070026
observed,26,0.01359096583815685
observed,27,0.013619339462036091
observed,28,0.01268300987402111
observed,29,0.012768130745658836
observed,30,0.014584042673930315
observed,31,0.01052661445919873
observed,32,0.011377823175575985
observed,33,0.011548064918851436
observed,34,0.013761207581432301
observed,35,0.011576438542730678
observed,36,0.01146294404721371
observed,37,0.012966746112813529
observed,38,0.011831801157643854
observed,39,0.01861309726478266
observed,40,0.01773351492452616
observed,41,0.010725229826353423
shuffle_1,2,0.053739643627284076
shuffle_1,3,0.047724435364884805
shuffle_1,4,0.04778118261264329
shuffle_1,5,0.04414935875610033
shuffle_1,6,0.04312790829644762
shuffle_1,7,0.04085801838610827
shuffle_1,8,0.03526841448189763
shuffle_1,9,0.0339632277834525
shuffle_1,10,0.03299852457155828
shuffle_1,11,0.03140960163432074
shuffle_1,12,0.031835205992509365
shuffle_1,13,0.02735217341958915
shuffle_1,14,0.027721030530019293
shuffle_1,15,0.022982635342185902
shuffle_1,16,0.025649755986834638
shuffle_1,17,0.02048575644081262
shuffle_1,18,0.01861309726478266
shuffle_1,19,0.020655998184088073
shuffle_1,20,0.36919759391669504
shuffle_1,21,0.1104868913857678
shuffle_1,22,0.12685847236409034
shuffle_1,23,0.027607536034502327
shuffle_1,24,0.025252525252525252
shuffle_1,25,0.02372034956304619
shuffle_1,26,0.02689819543752128
shuffle_1,27,0.025110657133129044
shuffle_1,28,0.06684825785949382
shuffle_1,29,0.07192713653387811
shuffle_1,30,0.06642265350130519
shuffle_1,31,0.0658268073998411
shuffle_1,32,0.02323799795709908
shuffle_1,33,0.029423447962773807
shuffle_1,34,0.03594938145499943
shuffle_1,35,0.026869821813642038
shuffle_1,36,0.03376461241629781
shuffle_1,37,0.034899557371467486
shuffle_1,38,0.10509590284871184
shuffle_1,39,0.1008682328907048
shuffle_1,40,0.021308591533310633
shuffle_2,2,0.05005107252298264
shuffle_2,3,0.048944501191692205
shuffle_2,4,0.04429122687549654
shuffle_2,5,0.044404721371013506
shuffle_2,6,0.041510611735330834
shuffle_2,7,0.03867324934740665
shuffle_2,8,0.037538304392236974
shuffle_2,9,0.0351832936102599
shuffle_2,10,0.03433208489388265
shuffle_2,11,0.03359437067302236
shuffle_2,12,0.030019294064237884
shuffle_2,13,0.02948019521053229
shuffle_2,14,0.027635909658381568
shuffle_2,15,0.026359096583815685
shuffle_2,16,0.024401316536147997
shuffle_2,17,0.022897514470548178
shuffle_2,18,0.02076949267960504
shuffle_2,19,0.282970150947679
shuffle_2,20,0.056662126886845986
shuffle_2,21,0.03472931562819203
shuffle_2,22,0.0804675973215299
shuffle_2,23,0.03725456815344456
shuffle_2,24,0.05379639087504256
shuffle_2,25,0.0318635796163886
shuffle_2,26,0.054221995233231186
shuffle_2,27,0.054619225967540576
shuffle_2,28,0.06767109295199183
shuffle_2,29,0.033367381681988426
shuffle_2,30,0.030189535807513334
shuffle_2,31,0.029536942458290773
shuffle_2,32,0.03189195324026785
shuffle_2,33,0.03228918397457723
shuffle_2,34,0.05808080808080808
shuffle_2,35,0.06869254341164453
shuffle_2,36,0.024401316536147997
shuffle_2,37,0.02721030530019294
shuffle_2,38,0.03163659062535467
shuffle_2,39,0.09309385994779253
shuffle_2,40,0.10492566110543639
shuffle_3,2,0.05124276472591079
shuffle_3,3,0.04656111678583589
shuffle_3,4,0.04849052320962433
shuffle_3,5,0.044092611508341845
shuffle_3,6,0.0437237543979117
shuffle_3,7,0.0388434910906821
shuffle_3,8,0.0376234252638747
shuffle_3,9,0.034899557371467486
shuffle_3,10,0.03487118374758824
shuffle_3,11,0.03160821700147543
shuffle_3,12,0.029309953467256837
shuffle_3,13,0.029281579843377595
shuffle_3,14,0.027068437180796732
shuffle_3,15,0.02547951424355919
shuffle_3,16,0.02477017364657814
shuffle_3,17,0.022528657360118033
shuffle_3,18,0.02181931676313699
shuffle_3,19,0.20917035523777097
shuffle_3,20,0.13823629553966632
shuffle_3,21,0.04988083077970718
shuffle_3,22,0.06472023606855068
shuffle_3,23,0.05036318238565429
shuffle_3,24,0.03560889796844853
shuffle_3,25,0.058591533310634436
shuffle_3,26,0.02502553626149132
shuffle_3,27,0.06889115877879923
shuffle_3,28,0.030274656679151062
shuffle_3,29,0.032799909204403586
shuffle_3,30,0.02627397571217796
shuffle_3,31,0.06965724662353875
shuffle_3,32,0.025110657133129044
shuffle_3,33,0.07589944387697196
shuffle_3,34,0.06979911474293497
shuffle_3,35,0.08872432187038928
shuffle_3,36,0.0299625468164794
shuffle_3,37,0.050164567018499605
shuffle_3,38,0.04678810577686982
shuffle_3,39,0.022840767222789694
shuffle_3,40,0.03115423901940756
shuffle_4,2,0.05141300646918624
shuffle_4,3,0.0494836000453978
shuffle_4,4,0.04565316082170015
shuffle_4,5,0.04559641357394166
shuffle_4,6,0.04105663375326297
shuffle_4,7,0.040772897514470545
shuffle_4,8,0.03765179888775395
shuffle_4,9,0.03521166723413915
shuffle_4,10,0.034757689252071275
shuffle_4,11,0.03262966746112814
shuffle_4,12,0.02967881057768698
shuffle_4,13,0.02843037112700034
shuffle_4,14,0.026586085574849618
shuffle_4,15,0.025337646124162977
shuffle_4,16,0.02414595392123482
shuffle_4,17,0.02247191011235955
shuffle_4,18,0.2801895358075133
shuffle_4,19,0.06613891726251277
shuffle_4,20,0.1043298150039723
shuffle_4,21,0.06645102712518443
shuffle_4,22,0.03997843604585177
shuffle_4,23,0.03776529338327091
shuffle_4,24,0.03773691975939167
shuffle_4,25,0.02965043695380774
shuffle_4,26,0.028543865622517307
shuffle_4,27,0.08026898195437521
shuffle_4,28,0.06503234593122234
shuffle_4,29,0.03665872205198048
shuffle_4,30,0.028827601861309726
shuffle_4,31,0.03155146975371694
shuffle_4,32,0.08129043241402792
shuffle_4,33,0.07672227896946998
shuffle_4,34,0.059414368403132446
shuffle_4,35,0.03243105209397344
shuffle_4,36,0.02624560208829872
shuffle_4,37,0.034927930995346725
shuffle_4,38,0.028089887640449437
shuffle_4,39,0.023606855067529225
shuffle_4,40,0.03356599704914311
shuffle_5,2,0.05334241289297469
shuffle_5,3,0.050902281239359894
shuffle_5,4,0.04729883100669618
shuffle_5,5,0.04298604017705141
shuffle_5,6,0.04267393031437975
shuffle_5,7,0.03943933719214618
shuffle_5,8,0.03722619452956532
shuffle_5,9,0.03651685393258427
shuffle_5,10,0.03157984337759619
shuffle_5,11,0.030331403926909545
shuffle_5,12,0.029082964476222904
shuffle_5,13,0.02826012938372489
shuffle_5,14,0.02738054704346839
shuffle_5,15,0.026075360345023266
shuffle_5,16,0.023124503461582114
shuffle_5,17,0.021620701395982295
shuffle_5,18,0.02096810804675973
shuffle_5,19,0.2857223924639655
shuffle_5,20,0.06874929065940302
shuffle_5,21,0.028657360118034277
shuffle_5,22,0.04988083077970718
shuffle_5,23,0.05118601747815231
shuffle_5,24,0.026614459198728863
shuffle_5,25,0.03140960163432074
shuffle_5,26,0.07045170809215753
shuffle_5,27,0.08713539893315174
shuffle_5,28,0.023464986948133017
shuffle_5,29,0.06500397230734309
shuffle_5,30,0.03623311769379185
shuffle_5,31,0.06432300533424129
shuffle_5,32,0.02766428328226081
shuffle_5,33,0.024997162637612074
shuffle_5,34,0.07073544433094994
shuffle_5,35,0.035977755078878675
shuffle_5,36,0.0385030076041312
shuffle_5,37,0.024231074792872547
shuffle_5,38,0.026813074565883555
shuffle_5,39,0.022642151855635003
shuffle_5,40,0.022982635342185902
shuffle_6,2,0.0522642151855635
shuffle_6,3,0.0498240835319487
shuffle_6,4,0.044801952105322895
shuffle_6,5,0.04605039155600953
shuffle_6,6,0.04159573260696856
shuffle_6,7,0.04080127113834979
shuffle_6,8,0.038162524117580296
shuffle_6,9,0.03586426058336171
shuffle_6,10,0.03350924980138463
shuffle_6,11,0.03149472250595846
shuffle_6,12,0.031664964249233915
shuffle_6,13,0.026841448189762796
shuffle_6,14,0.02814663488820792
shuffle_6,15,0.025876744977868574
shuffle_6,16,0.023578481443649983
shuffle_6,17,0.022358415616842583
shuffle_6,18,0.02062762456020883
shuffle_6,19,0.2985756440812621
shuffle_6,20,0.09769038701622972
shuffle_6,21,0.03407672227896947
shuffle_6,22,0.021904437634774714
shuffle_6,23,0.04037566678016116
shuffle_6,24,0.03072863466121893
shuffle_6,25,0.023436613324253775
shuffle_6,26,0.024060833049597094
shuffle_6,27,0.026387470207694927
shuffle_6,28,0.027238678924072182
shuffle_6,29,0.02425944841675179
shuffle_6,30,0.02936670071501532
shuffle_6,31,0.04412098513222109
shuffle_6,32,0.0376234252638747
shuffle_6,33,0.03155146975371694
shuffle_6,34,0.033083645443196
shuffle_6,35,0.08923504710021564
shuffle_6,36,0.02965043695380774
shuffle_6,37,0.09127794801952105
shuffle_6,38,0.0644648734536375
shuffle_6,39,0.0528033140392691
shuffle_6,40,0.1128702757916241
shuffle_7,2,0.05246283055271819
shuffle_7,3,0.04868913857677903
shuffle_7,4,0.04692997389626603
shuffle_7,5,0.04207808421291567
shuffle_7,6,0.0425036885711043
shuffle_7,7,0.04136874361593463
shuffle_7,8,0.037538304392236974
shuffle_7,9,0.035892634207240946
shuffle_7,10,0.03203382135966406
shuffle_7,11,0.03160821700147543
shuffle_7,12,0.030955623652252864
shuffle_7,13,0.02891272273294745
shuffle_7,14,0.02581999773011009
shuffle_7,15,0.023578481443649983
shuffle_7,16,0.022727272727272728
shuffle_7,17,0.02400408580183861
shuffle_7,18,0.022244921121325617
shuffle_7,19,0.01983316309159006
shuffle_7,20,0.24852457155827942
shuffle_7,21,0.13939961411871524
shuffle_7,22,0.04812166609919419
shuffle_7,23,0.02502553626149132
shuffle_7,24,0.024571558279423446
shuffle_7,25,0.02627397571217796
shuffle_7,26,0.02505390988537056
shuffle_7,27,0.05930087390761548
shuffle_7,28,0.06304619225967541
shuffle_7,29,0.06962887299965952
shuffle_7,30,0.07365792759051186
shuffle_7,31,0.08537623425263875
shuffle_7,32,0.0770060152082624
shuffle_7,33,0.031523096129837704
shuffle_7,34,0.02965043695380774
shuffle_7,35,0.05297355578254455
shuffle_7,36,0.028345250255362615
shuffle_7,37,0.0449438202247191
shuffle_7,38,0.027749404153898535
shuffle_7,39,0.03223243672681875
shuffle_7,40,0.03177845874475088
shuffle_8,2,0.05127113834979004
shuffle_8,3,0.05229258880944274
shuffle_8,4,0.046844853024628305
shuffle_8,5,0.04363863352627398
shuffle_8,6,0.04156735898308932
shuffle_8,7,0.039467710816025424
shuffle_8,8,0.036318238565429574
shuffle_8,9,0.03495630461922597
shuffle_8,10,0.03376461241629781
shuffle_8,11,0.03169333787311315
shuffle_8,12,0.03013278855975485
shuffle_8,13,0.025933492225627058
shuffle_8,14,0.025167404380887527
shuffle_8,15,0.02491204176597435
shuffle_8,16,0.024401316536147997
shuffle_8,17,0.022670525479514245
shuffle_8,18,0.02028714107365793
shuffle_8,19,0.019010327999092046
shuffle_8,20,0.2598172738622177
shuffle_8,21,0.0379639087504256
shuffle_8,22,0.0486040177051413
shuffle_8,23,0.04074452389059131
shuffle_8,24,0.03271478833276586
shuffle_8,25,0.037112700034048346
shuffle_8,26,0.035069799114742936
shuffle_8,27,0.031664964249233915
shuffle_8,28,0.03197707411190557
shuffle_8,29,0.03376461241629781
shuffle_8,30,0.028685733741913518
shuffle_8,31,0.055697423674951764
shuffle_8,32,0.04517080921575303
shuffle_8,33,0.03714107365792759
shuffle_8,34,0.03342412892974691
shuffle_8,35,0.03716944728180683
shuffle_8,36,0.03716944728180683
shuffle_8,37,0.09258313471796618
shuffle_8,38,0.07595619112473045
shuffle_8,39,0.040914765633866756
shuffle_8,40,0.02397571217795937
shuffle_9,2,0.053172171149699236
shuffle_9,3,0.050476676881171266
shuffle_9,4,0.047582567245488594
shuffle_9,5,0.04386562251730791
shuffle_9,6,0.03892861196231983
shuffle_9,7,0.04057428214731586
shuffle_9,8,0.037339689025082286
shuffle_9,9,0.034445579389399614
shuffle_9,10,0.03495630461922597
shuffle_9,11,0.030927250028373623
shuffle_9,12,0.03013278855975485
shuffle_9,13,0.029281579843377595
shuffle_9,14,0.025734876858472363
shuffle_9,15,0.026075360345023266
shuffle_9,16,0.024117580297355577
shuffle_9,17,0.020826239927363523
shuffle_9,18,0.02076949267960504
shuffle_9,19,0.26798887753943934
shuffle_9,20,0.041992963341277945
shuffle_9,21,0.1555158324821246
shuffle_9,22,0.037027579162410625
shuffle_9,23,0.09088071728521167
shuffle_9,24,0.09848484848484848
shuffle_9,25,0.08097832255135626
shuffle_9,26,0.08426966292134831
shuffle_9,27,0.020599250936329586
shuffle_9,28,0.0644648734536375
shuffle_9,29,0.030813755532856656
shuffle_9,30,0.060549313358302125
shuffle_9,31,0.03101237090001135
shuffle_9,32,0.07504823516059471
shuffle_9,33,0.03455907388491658
shuffle_9,34,0.07572920213369652
shuffle_9,35,0.030303030303030304
shuffle_9,36,0.030444898422426512
shuffle_9,37,0.02814663488820792
shuffle_9,38,0.029792305073203948
shuffle_9,39,0.11777891272273294
shuffle_9,40,0.10790489161275678
shuffle_10,2,0.05078878674384292
shuffle_10,3,0.04956872091703552
shuffle_10,4,0.04661786403359437
shuffle_10,5,0.04485869935308138
shuffle_10,6,0.041085007377142206
shuffle_10,7,0.03952445806378391
shuffle_10,8,0.035495403472931564
shuffle_10,9,0.03404834865509023
shuffle_10,10,0.03268641470888662
shuffle_10,11,0.03268641470888662
shuffle_10,12,0.02945182158665305
shuffle_10,13,0.027834525025536263
shuffle_10,14,0.026075360345023266
shuffle_10,15,0.02599023947338554
shuffle_10,16,0.02442969016002724
shuffle_10,17,0.02105322891839746
shuffle_10,18,0.02201793213029168
shuffle_10,19,0.2940074906367041
shuffle_10,20,0.050334808761775054
shuffle_10,21,0.03223243672681875
shuffle_10,22,0.08205652025876745
shuffle_10,23,0.028742480989672
shuffle_10,24,0.08852570650323459
shuffle_10,25,0.09485302462830553
shuffle_10,26,0.024202701168993306
shuffle_10,27,0.025621382362955396
shuffle_10,28,0.024231074792872547
shuffle_10,29,0.026529338327091135
shuffle_10,30,0.025848371353989333
shuffle_10,31,0.02397571217795937
shuffle_10,32,0.029990920440358643
shuffle_10,33,0.07445238905913064
shuffle_10,34,0.02948019521053229
shuffle_10,35,0.05935762115537396
shuffle_10,36,0.03501305186698445
shuffle_10,37,0.09241289297469073
shuffle_10,38,0.0848087617750539
shuffle_10,39,0.030303030303030304
shuffle_10,40,0.03226081035069799
shuffle_11,2,0.05013619339462036
shuffle_11,3,0.051469753716944726
shuffle_11,4,0.047156962887299966
shuffle_11,5,0.04517080921575303
shuffle_11,6,0.04111338100102145
shuffle_11,7,0.04057428214731586
shuffle_11,8,0.03881511746680286
shuffle_11,9,0.03424696402224492
shuffle_11,10,0.033849733287935536
shuffle_11,11,0.03251617296561117
shuffle_11,12,0.027721030530019293
shuffle_11,13,0.026869821813642038
shuffle_11,14,0.026046986721144024
shuffle_11,15,0.026018613097264782
shuffle_11,16,0.02494041538985359
shuffle_11,17,0.022103053001929406
shuffle_11,18,0.02079786630348428
shuffle_11,19,0.2469356486210419
shuffle_11,20,0.057541709227102486
shuffle_11,21,0.047327204630575416
shuffle_11,22,0.037027579162410625
shuffle_11,23,0.037197820905686074
shuffle_11,24,0.03748155714447849
shuffle_11,25,0.03342412892974691
shuffle_11,26,0.07995687209170355
shuffle_11,27,0.06437975258199977
shuffle_11,28,0.03316876631483373
shuffle_11,29,0.06332992849846783
shuffle_11,30,0.06681988423561458
shuffle_11,31,0.036630348428101235
shuffle_11,32,0.026841448189762796
shuffle_11,33,0.03830439223697651
shuffle_11,34,0.025564635115196913
shuffle_11,35,0.03262966746112814
shuffle_11,36,0.06883441153104075
shuffle_11,37,0.02692656906140052
shuffle_11,38,0.0956474860969243
shuffle_11,39,0.09167517875383044
shuffle_11,40,0.04417773237997957
shuffle_12,2,0.05433548972874815
shuffle_12,3,0.0486040177051413
shuffle_12,4,0.047242083758937695
shuffle_12,5,0.044489842242651234
shuffle_12,6,0.04202133696515719
shuffle_12,7,0.03895698558619907
shuffle_12,8,0.037509930768357735
shuffle_12,9,0.03546702984905232
shuffle_12,10,0.03254454658949041
shuffle_12,11,0.032147315855181026
shuffle_12,12,0.02811826126432868
shuffle_12,13,0.02738054704346839
shuffle_12,14,0.027295426171830665
shuffle_12,15,0.025791624106230846
shuffle_12,16,0.022216547497446375
shuffle_12,17,0.02383384405856316
shuffle_12,18,0.018726591760299626
shuffle_12,19,0.2813812280104415
shuffle_12,20,0.07521847690387017
shuffle_12,21,0.0317217114969924
shuffle_12,22,0.08707865168539326
shuffle_12,23,0.04539779820678697
shuffle_12,24,0.04905799568720917
shuffle_12,25,0.03470094200431279
shuffle_12,26,0.07910566337532629
shuffle_12,27,0.05921575303597776
shuffle_12,28,0.06775621382362955
shuffle_12,29,0.05776869821813642
shuffle_12,30,0.0547043468391783
shuffle_12,31,0.029395074338894562
shuffle_12,32,0.039779820678697085
shuffle_12,33,0.06795482919078424
shuffle_12,34,0.03302689819543752
shuffle_12,35,0.0796447622290319
shuffle_12,36,0.0681250709340597
shuffle_12,37,0.028997843604585176
shuffle_12,38,0.0734876858472364
shuffle_12,39,0.027749404153898535
shuffle_12,40,0.03055839291794348
shuffle_13,2,0.050505050505050504
shuffle_13,3,0.04809329247531495
shuffle_13,4,0.047185336511179204
shuffle_13,5,0.04114175462490069
shuffle_13,6,0.041992963341277945
shuffle_13,7,0.042134831460674156
shuffle_13,8,0.03819089774145954
shuffle_13,9,0.0345023266371581
shuffle_13,10,0.033537623425263875
shuffle_13,11,0.032345931222335714
shuffle_13,12,0.031437975258199975
shuffle_13,13,0.027522415162864602
shuffle_13,14,0.027096810804675974
shuffle_13,15,0.02539439337192146
shuffle_13,16,0.024060833049597094
shuffle_13,17,0.022358415616842583
shuffle_13,18,0.02170582226762002
shuffle_13,19,0.27945182158665305
shuffle_13,20,0.06097491771649075
shuffle_13,21,0.09573260696856202
shuffle_13,22,0.029735557825445465
shuffle_13,23,0.03262966746112814
shuffle_13,24,0.02550788786743843
shuffle_13,25,0.04048916127567813
shuffle_13,26,0.024316195664510272
shuffle_13,27,0.025848371353989333
shuffle_13,28,0.026472591079332652
shuffle_13,29,0.025309272500283735
shuffle_13,30,0.02738054704346839
shuffle_13,31,0.03543865622517308
shuffle_13,32,0.031125865395528318
shuffle_13,33,0.06767109295199183
shuffle_13,34,0.04085801838610827
shuffle_13,35,0.08903643173306094
shuffle_13,36,0.09553399160140733
shuffle_13,37,0.025422766995800705
shuffle_13,38,0.10450005674724776
shuffle_13,39,0.03356599704914311
shuffle_13,40,0.02704006355691749
shuffle_14,2,0.05135625922142776
shuffle_14,3,0.052434456928838954
shuffle_14,4,0.04783792986040177
shuffle_14,5,0.04412098513222109
shuffle_14,6,0.039864941550334806
shuffle_14,7,0.039637952559300874
shuffle_14,8,0.03765179888775395
shuffle_14,9,0.0353819089774146
shuffle_14,10,0.03586426058336171
shuffle_14,11,0.03129610713880377
shuffle_14,12,0.0311826126432868
shuffle_14,13,0.03072863466121893
shuffle_14,14,0.027125184428555216
shuffle_14,15,0.02491204176597435
shuffle_14,16,0.02581999773011009
shuffle_14,17,0.02247191011235955
shuffle_14,18,0.022415162864601067
shuffle_14,19,0.23768584723640904
shuffle_14,20,0.060634434229939846
shuffle_14,21,0.05158324821246169
shuffle_14,22,0.07655203722619452
shuffle_14,23,0.03861650209964817
shuffle_14,24,0.03648848030870503
shuffle_14,25,0.039950062421972535
shuffle_14,26,0.0317217114969924
shuffle_14,27,0.03932584269662921
shuffle_14,28,0.027721030530019293
shuffle_14,29,0.23096129837702872
shuffle_14,30,0.2325785949381455
shuffle_14,31,0.029536942458290773
shuffle_14,32,0.0318635796163886
shuffle_14,33,0.08092157530359778
shuffle_14,34,0.07073544433094994
shuffle_14,35,0.0728634661218931
shuffle_14,36,0.08390080581091817
shuffle_14,37,0.08446827828850301
shuffle_14,38,0.0921859039836568
shuffle_14,39,0.034190216774486436
shuffle_14,40,0.020145272954261717
shuffle_15,2,0.05249120417659744
shuffle_15,3,0.04891612756781296
shuffle_15,4,0.04678810577686982
shuffle_15,5,0.04369538077403246
shuffle_15,6,0.04366700715015322
shuffle_15,7,0.03958120531154239
shuffle_15,8,0.03787878787878788
shuffle_15,9,0.0367438429236182
shuffle_15,10,0.031750085120871636
shuffle_15,11,0.03058676654182272
shuffle_15,12,0.030444898422426512
shuffle_15,13,0.02641584383157417
shuffle_15,14,0.027068437180796732
shuffle_15,15,0.026586085574849618
shuffle_15,16,0.023748723186925433
shuffle_15,17,0.023663602315287708
shuffle_15,18,0.020542503688571103
shuffle_15,19,0.2896095789354216
shuffle_15,20,0.08568834411531041
shuffle_15,21,0.05986834638520032
shuffle_15,22,0.04559641357394166
shuffle_15,23,0.058761775053909886
shuffle_15,24,0.022244921121325617
shuffle_15,25,0.030530019294064237
shuffle_15,26,0.022670525479514245
shuffle_15,27,0.02550788786743843
shuffle_15,28,0.02400408580183861
shuffle_15,29,0.026103733968902507
shuffle_15,30,0.027096810804675974
shuffle_15,31,0.03055839291794348
shuffle_15,32,0.026784700942004313
shuffle_15,33,0.03115423901940756
shuffle_15,34,0.0946260356372716
shuffle_15,35,0.08273748723186926
shuffle_15,36,0.033367381681988426
shuffle_15,37,0.031239359891045284
shuffle_15,38,0.08441153104074453
shuffle_15,39,0.0831063443422994
shuffle_15,40,0.07362955396663262
shuffle_16,2,0.05564067642719328
shuffle_16,3,0.05073203949608444
shuffle_16,4,0.04605039155600953
shuffle_16,5,0.04502894109635683
shuffle_16,6,0.04247531494722506
shuffle_16,7,0.039297469072749974
shuffle_16,8,0.03745318352059925
shuffle_16,9,0.033140392690954486
shuffle_16,10,0.03243105209397344
shuffle_16,11,0.03209056860742254
shuffle_16,12,0.029082964476222904
shuffle_16,13,0.028288503007604132
shuffle_16,14,0.027919645897173988
shuffle_16,15,0.024316195664510272
shuffle_16,16,0.024599931903302688
shuffle_16,17,0.022670525479514245
shuffle_16,18,0.021280217909431392
shuffle_16,19,0.279678810577687
shuffle_16,20,0.05362614913176711
shuffle_16,21,0.0446033367381682
shuffle_16,22,0.049455226421518554
shuffle_16,23,0.03909885370559528
shuffle_16,24,0.032970150947679036
shuffle_16,25,0.044972193848598345
shuffle_16,26,0.02445806378390648
shuffle_16,27,0.025876744977868574
shuffle_16,28,0.03909885370559528
shuffle_16,29,0.037197820905686074
shuffle_16,30,0.029111338100102146
shuffle_16,31,0.051895358075133353
shuffle_16,32,0.06650777437294292
shuffle_16,33,0.030274656679151062
shuffle_16,34,0.0317217114969924
shuffle_16,35,0.027607536034502327
shuffle_16,36,0.03177845874475088
shuffle_16,37,0.038729996595165135
shuffle_16,38,0.028827601861309726
shuffle_16,39,0.02811826126432868
shuffle_16,40,0.02613210759278175
shuffle_17,2,0.05393825899443877
shuffle_17,3,0.04996595165134491
shuffle_17,4,0.04607876517988878
shuffle_17,5,0.04315628192032686
shuffle_17,6,0.04054590852343661
shuffle_17,7,0.04057428214731586
shuffle_17,8,0.034105095902848714
shuffle_17,9,0.03464419475655431
shuffle_17,10,0.03495630461922597
shuffle_17,11,0.03211894223130178
shuffle_17,12,0.029905799568720918
shuffle_17,13,0.026699580070366588
shuffle_17,14,0.025451140619679947
shuffle_17,15,0.025649755986834638
shuffle_17,16,0.024032459425717852
shuffle_17,17,0.022415162864601067
shuffle_17,18,0.021450459652706845
shuffle_17,19,0.02170582226762002
shuffle_17,20,0.26699580070366585
shuffle_17,21,0.16209851322210872
shuffle_17,22,0.15648053569401885
shuffle_17,23,0.035240040858018386
shuffle_17,24,0.03617637044603337
shuffle_17,25,0.03438883214164113
shuffle_17,26,0.037112700034048346
shuffle_17,27,0.03501305186698445
shuffle_17,28,0.02494041538985359
shuffle_17,29,0.029139711723981387
shuffle_17,30,0.030189535807513334
shuffle_17,31,0.031210986267166042
shuffle_17,32,0.03055839291794348
shuffle_17,33,0.028288503007604132
shuffle_17,34,0.033707865168539325
shuffle_17,35,0.027579162410623085
shuffle_17,36,0.03243105209397344
shuffle_17,37,0.027295426171830665
shuffle_17,38,0.025337646124162977
shuffle_17,39,0.02383384405856316
shuffle_17,40,0.028657360118034277
shuffle_18,2,0.05178186357961639
shuffle_18,3,0.04888775394393372
shuffle_18,4,0.04692997389626603
shuffle_18,5,0.044489842242651234
shuffle_18,6,0.04020542503688571
shuffle_18,7,0.04046078765179889
shuffle_18,8,0.037538304392236974
shuffle_18,9,0.03526841448189763
shuffle_18,10,0.03350924980138463
shuffle_18,11,0.031437975258199975
shuffle_18,12,0.030530019294064237
shuffle_18,13,0.028175008512087162
shuffle_18,14,0.027635909658381568
shuffle_18,15,0.025309272500283735
shuffle_18,16,0.02442969016002724
shuffle_18,17,0.023266371580978322
shuffle_18,18,0.020684371807967315
shuffle_18,19,0.3056406764271933
shuffle_18,20,0.09204403586426059
shuffle_18,21,0.03966632618318012
shuffle_18,22,0.026642832822608105
shuffle_18,23,0.028061514016570196
shuffle_18,24,0.02491204176597435
shuffle_18,25,0.023890591306321644
shuffle_18,26,0.02567812961071388
shuffle_18,27,0.027096810804675974
shuffle_18,28,0.02355010781977074
shuffle_18,29,0.0259618658495063
shuffle_18,30,0.026500964703211893
shuffle_18,31,0.02641584383157417
shuffle_18,32,0.030643513789581207
shuffle_18,33,0.026529338327091135
shuffle_18,34,0.04622063329928498
shuffle_18,35,0.032970150947679036
shuffle_18,36,0.03603450232663716
shuffle_18,37,0.036601974804222
shuffle_18,38,0.02738054704346839
shuffle_18,39,0.03262966746112814
shuffle_18,40,0.024628305527181933
shuffle_19,2,0.05093065486323913
shuffle_19,3,0.05027806151401657
shuffle_19,4,0.046022017932130295
shuffle_19,5,0.043525139030757005
shuffle_19,6,0.041737600726364774
shuffle_19,7,0.039552831687663145
shuffle_19,8,0.03705595278628986
shuffle_19,9,0.03546702984905232
shuffle_19,10,0.03260129383724889
shuffle_19,11,0.031352854386562254
shuffle_19,12,0.029990920440358643
shuffle_19,13,0.027408920667347635
shuffle_19,14,0.027635909658381568
shuffle_19,15,0.026557711950970377
shuffle_19,16,0.023408239700374533
shuffle_19,17,0.023096129837702872
shuffle_19,18,0.020741119055725798
shuffle_19,19,0.020060152082623992
shuffle_19,20,0.3125070934059698
shuffle_19,21,0.03756667801611622
shuffle_19,22,0.03515491998638066
shuffle_19,23,0.07811258653955283
shuffle_19,24,0.04349676540687777
shuffle_19,25,0.05385313812280104
shuffle_19,26,0.02355010781977074
shuffle_19,27,0.025649755986834638
shuffle_19,28,0.023606855067529225
shuffle_19,29,0.052179094313925777
shuffle_19,30,0.03302689819543752
shuffle_19,31,0.0345023266371581
shuffle_19,32,0.03072863466121893
shuffle_19,33,0.028175008512087162
shuffle_19,34,0.03285665645216207
shuffle_19,35,0.028288503007604132
shuffle_19,36,0.020599250936329586
shuffle_19,37,0.03793553512654636
shuffle_19,38,0.04190784246964022
shuffle_19,39,0.044262853251617294
shuffle_19,40,0.026586085574849618
shuffle_20,2,0.05200885257065033
shuffle_20,3,0.05078878674384292
shuffle_20,4,0.04641924866643968
shuffle_20,5,0.04369538077403246
shuffle_20,6,0.04136874361593463
shuffle_20,7,0.03924072182499149
shuffle_20,8,0.037509930768357735
shuffle_20,9,0.035977755078878675
shuffle_20,10,0.03299852457155828
shuffle_20,11,0.0317217114969924
shuffle_20,12,0.029508568834411532
shuffle_20,13,0.028742480989672
shuffle_20,14,0.0271819316763137
shuffle_20,15,0.02627397571217796
shuffle_20,16,0.023436613324253775
shuffle_20,17,0.022131426625808647
shuffle_20,18,0.021024855294518217
shuffle_20,19,0.31100329134036997
shuffle_20,20,0.0851492452616048
shuffle_20,21,0.07839632277834525
shuffle_20,22,0.025167404380887527
shuffle_20,23,0.03058676654182272
shuffle_20,24,0.02627397571217796
shuffle_20,25,0.0235217341958915
shuffle_20,26,0.02826012938372489
shuffle_20,27,0.02721030530019294
shuffle_20,28,0.025110657133129044
shuffle_20,29,0.023294745204857564
shuffle_20,30,0.026188854840540232
shuffle_20,31,0.034417205765520376
shuffle_20,32,0.02570650323459312
shuffle_20,33,0.026217228464419477
shuffle_20,34,0.030785381908977415
shuffle_20,35,0.03342412892974691
shuffle_20,36,0.029082964476222904
shuffle_20,37,0.03367949154466009
shuffle_20,38,0.027437294291226877
shuffle_20,39,0.030359777550788787
shuffle_20,40,0.031750085120871636
shuffle_21,2,0.05198047894677108
shuffle_21,3,0.05005107252298264
shuffle_21,4,0.04761094086936784
shuffle_21,5,0.0458234025649756
shuffle_21,6,0.04224832595619112
shuffle_21,7,0.0388434910906821
shuffle_21,8,0.03745318352059925
shuffle_21,9,0.03745318352059925
shuffle_21,10,0.030785381908977415
shuffle_21,11,0.031210986267166042
shuffle_21,12,0.031040744523890593
shuffle_21,13,0.0284019975031211
shuffle_21,14,0.028600612870275793
shuffle_21,15,0.024202701168993306
shuffle_21,16,0.021762569515378503
shuffle_21,17,0.02323799795709908
shuffle_21,18,0.021450459652706845
shuffle_21,19,0.27831687663148336
shuffle_21,20,0.09624333219838838
shuffle_21,21,0.026075360345023266
shuffle_21,22,0.04341164453524004
shuffle_21,23,0.059414368403132446
shuffle_21,24,0.023748723186925433
shuffle_21,25,0.02672795369424583
shuffle_21,26,0.02383384405856316
shuffle_21,27,0.027068437180796732
shuffle_21,28,0.024117580297355577
shuffle_21,29,0.024968789013732832
shuffle_21,30,0.024401316536147997
shuffle_21,31,0.029082964476222904
shuffle_21,32,0.02780615140165702
shuffle_21,33,0.03271478833276586
shuffle_21,34,0.033055271819316764
shuffle_21,35,0.034842810123709
shuffle_21,36,0.028373623879241857
shuffle_21,37,0.0850073771422086
shuffle_21,38,0.08094994892747702
shuffle_21,39,0.031920326864147086
shuffle_21,40,0.03575076608784474
shuffle_22,2,0.053654522755646354
shuffle_22,3,0.04990920440358643
shuffle_22,4,0.04675973215299058
shuffle_22,5,0.0446033367381682
shuffle_22,6,0.04193621609351946
shuffle_22,7,0.04040404040404041
shuffle_22,8,0.03731131540120304
shuffle_22,9,0.03478606287595051
shuffle_22,10,0.03319713993871297
shuffle_22,11,0.03243105209397344
shuffle_22,12,0.029593689706049257
shuffle_22,13,0.028061514016570196
shuffle_22,14,0.02766428328226081
shuffle_22,15,0.02494041538985359
shuffle_22,16,0.02320962433321984
shuffle_22,17,0.022103053001929406
shuffle_22,18,0.02122347066167291
shuffle_22,19,0.2083758937691522
shuffle_22,20,0.06401089547156963
shuffle_22,21,0.15778572239246397
shuffle_22,22,0.05254795142435592
shuffle_22,23,0.05930087390761548
shuffle_22,24,0.03827601861309726
shuffle_22,25,0.175036885711043
shuffle_22,26,0.12427647259107934
shuffle_22,27,0.023096129837702872
shuffle_22,28,0.02275564635115197
shuffle_22,29,0.026642832822608105
shuffle_22,30,0.02766428328226081
shuffle_22,31,0.02355010781977074
shuffle_22,32,0.027408920667347635
shuffle_22,33,0.02616048121666099
shuffle_22,34,0.030444898422426512
shuffle_22,35,0.029763931449324706
shuffle_22,36,0.03470094200431279
shuffle_22,37,0.029905799568720918
shuffle_22,38,0.027267052547951424
shuffle_22,39,0.23045057314720235
shuffle_22,40,0.2276983316309159
shuffle_23,2,0.054874588582453754
shuffle_23,3,0.05002269889910339
shuffle_23,4,0.04687322664850755
shuffle_23,5,0.043269776415843834
shuffle_23,6,0.04014867778912723
shuffle_23,7,0.03773691975939167
shuffle_23,8,0.037368062648961524
shuffle_23,9,0.03677221654749745
shuffle_23,10,0.03543865622517308
shuffle_23,11,0.03291340369992055
shuffle_23,12,0.030444898422426512
shuffle_23,13,0.028004766768811713
shuffle_23,14,0.026557711950970377
shuffle_23,15,0.021620701395982295
shuffle_23,16,0.02445806378390648
shuffle_23,17,0.022358415616842583
shuffle_23,18,0.02215980024968789
shuffle_23,19,0.27647259107933264
shuffle_23,20,0.05898876404494382
shuffle_23,21,0.04954034729315628
shuffle_23,22,0.03966632618318012
shuffle_23,23,0.08285098172738622
shuffle_23,24,0.06230847803881512
shuffle_23,25,0.0690046532743162
shuffle_23,26,0.066167290886392
shuffle_23,27,0.03838951310861423
shuffle_23,28,0.024401316536147997
shuffle_23,29,0.06540120304165248
shuffle_23,30,0.028657360118034277
shuffle_23,31,0.030161162183634092
shuffle_23,32,0.07292021336965157
shuffle_23,33,0.04000680966973102
shuffle_23,34,0.02613210759278175
shuffle_23,35,0.03555215072069005
shuffle_23,36,0.028969469980705934
shuffle_23,37,0.034360458517761885
shuffle_23,38,0.03881511746680286
shuffle_23,39,0.032572920213369654
shuffle_23,40,0.023663602315287708
shuffle_24,2,0.053654522755646354
shuffle_24,3,0.05124276472591079
shuffle_24,4,0.046532743161956644
shuffle_24,5,0.04463171036204744
shuffle_24,6,0.04102826012938372
shuffle_24,7,0.03983656792645557
shuffle_24,8,0.03756667801611622
shuffle_24,9,0.0364033594370673
shuffle_24,10,0.033878106911814775
shuffle_24,11,0.03245942571785269
shuffle_24,12,0.03087050278061514
shuffle_24,13,0.027607536034502327
shuffle_24,14,0.02641584383157417
shuffle_24,15,0.024599931903302688
shuffle_24,16,0.02295426171830666
shuffle_24,17,0.021592327772103053
shuffle_24,18,0.021024855294518217
shuffle_24,19,0.2442401543525139
shuffle_24,20,0.11440245148110317
shuffle_24,21,0.06245034615821133
shuffle_24,22,0.05073203949608444
shuffle_24,23,0.09814436499829758
shuffle_24,24,0.10234366133242538
shuffle_24,25,0.0794461468618772
shuffle_24,26,0.0853478606287595
shuffle_24,27,0.025876744977868574
shuffle_24,28,0.06767109295199183
shuffle_24,29,0.03583588695948246
shuffle_24,30,0.024401316536147997
shuffle_24,31,0.07155827942344796
shuffle_24,32,0.08148904778118261
shuffle_24,33,0.033225513562592214
shuffle_24,34,0.029224832595619112
shuffle_24,35,0.07893542163205085
shuffle_24,36,0.08872432187038928
shuffle_24,37,0.08994438769719669
shuffle_24,38,0.026699580070366588
shuffle_24,39,0.026983316309159004
shuffle_24,40,0.03041652479854727
shuffle_25,2,0.05331403926909545
shuffle_25,3,0.049767336284190215
shuffle_25,4,0.04624900692316423
shuffle_25,5,0.04536942458290773
shuffle_25,6,0.04142549086369311
shuffle_25,7,0.03864487572352741
shuffle_25,8,0.037339689025082286
shuffle_25,9,0.03467256838043355
shuffle_25,10,0.03237430484621496
shuffle_25,11,0.03194870048802633
shuffle_25,12,0.03072863466121893
shuffle_25,13,0.028855975485188968
shuffle_25,14,0.023408239700374533
shuffle_25,15,0.026018613097264782
shuffle_25,16,0.023323118828736805
shuffle_25,17,0.023266371580978322
shuffle_25,18,0.022244921121325617
shuffle_25,19,0.2280955623652253
shuffle_25,20,0.0824253773691976
shuffle_25,21,0.03177845874475088
shuffle_25,22,0.03793553512654636
shuffle_25,23,0.04624900692316423
shuffle_25,24,0.03087050278061514
shuffle_25,25,0.031352854386562254
shuffle_25,26,0.03626149131767109
shuffle_25,27,0.03521166723413915
shuffle_25,28,0.028373623879241857
shuffle_25,29,0.03038815117466803
shuffle_25,30,0.03013278855975485
shuffle_25,31,0.0317217114969924
shuffle_25,32,0.026784700942004313
shuffle_25,33,0.03464419475655431
shuffle_25,34,0.08160254227669958
shuffle_25,35,0.08665304732720464
shuffle_25,36,0.030359777550788787
shuffle_25,37,0.08625581659289525
shuffle_25,38,0.08688003631823857
shuffle_25,39,0.2930427874248099
shuffle_25,40,0.30822267620020427
