run,rank,gene
observed,1,HSP90AA1
observed,2,KCNIP4
observed,3,SNHG14
observed,4,RALYL
observed,5,ERBB4
observed,6,LUC7L3
observed,7,COPG2
observed,8,SLC24A2
observed,9,WWOX
observed,10,NCAM2
observed,11,CNTN5
observed,12,RBM25
observed,13,ANKRD12
observed,14,DOCK4
observed,15,DPP10
observed,16,FRMD5
observed,17,SPOCK1
observed,18,HS6ST3
observed,19,FHIT
observed,20,ROBO2
observed,21,PLCL1
observed,22,ELMO1
observed,23,NPAS3
observed,24,SLC44A1
observed,25,ARAP2
observed,26,MAN2A1
observed,27,DPYD
observed,28,GRID2
observed,29,DIP2B
observed,30,QKI
observed,31,FRYL
observed,32,ZEB2
observed,33,TCF12
observed,34,ZC3H13
observed,35,EDIL3
observed,36,PLXDC2
observed,37,ZNF91
observed,38,ENSG00000230021
observed,39,PDE4B
observed,40,PIP4K2A
observed,41,SLAIN1
shuffle_1,1,ENSG00000286291
shuffle_1,2,PTAFR
shuffle_1,3,FTH1P10
shuffle_1,4,NPFF
shuffle_1,5,TCOF1
shuffle_1,6,ENSG00000265073
shuffle_1,7,PRR18
shuffle_1,8,ELF4
shuffle_1,9,TLR1
shuffle_1,10,ENSG00000260715
shuffle_1,11,ENSG00000226954
shuffle_1,12,ENSG00000283156
shuffle_1,13,ENSG00000223628
shuffle_1,14,MPIG6B
shuffle_1,15,CHST11
shuffle_1,16,THSD7A
shuffle_1,17,TMPRSS5
shuffle_1,18,ZNF536
shuffle_1,19,OR9A2
shuffle_1,20,MSR1
shuffle_1,21,ENSG00000256969
shuffle_1,22,ENSG00000272384
shuffle_1,23,ENSG00000251339
shuffle_1,24,LINC01826
shuffle_1,25,MKRN6P
shuffle_1,26,ENSG00000229618
shuffle_1,27,ENSG00000266923
shuffle_1,28,BNC2
shuffle_1,29,HCK
shuffle_1,30,TMEM176B
shuffle_1,31,ENSG00000283635
shuffle_1,32,C1QC
shuffle_1,33,PROCA1
shuffle_1,34,ENSG00000249041
shuffle_1,35,CD86
shuffle_1,36,CNN2P3
shuffle_1,37,ZFHX3
shuffle_1,38,CLDN11
shuffle_1,39,WT1
shuffle_1,40,GAB3
shuffle_1,41,EEF1AKMT3
shuffle_2,1,NPM1P9
shuffle_2,2,LINC01748
shuffle_2,3,ENSG00000286985
shuffle_2,4,TMC6
shuffle_2,5,LAMA3
shuffle_2,6,FTH1P5
shuffle_2,7,S100A1
shuffle_2,8,RBMY2JP
shuffle_2,9,ARAP2
shuffle_2,10,DTX3L
shuffle_2,11,SAP25
shuffle_2,12,SOX3
shuffle_2,13,RHOU
shuffle_2,14,PDLIM4
shuffle_2,15,ENSG00000255641
shuffle_2,16,UCP2
shuffle_2,17,PLA2G4F
shuffle_2,18,KRT18P24
shuffle_2,19,LINC01029
shuffle_2,20,CD82
shuffle_2,21,ENSG00000272279
shuffle_2,22,TMEM119
shuffle_2,23,ALDH1A1
shuffle_2,24,CTSE
shuffle_2,25,EPDR1
shuffle_2,26,TCF23
shuffle_2,27,ADIRF
shuffle_2,28,ENSG00000279998
shuffle_2,29,NXPH1
shuffle_2,30,HINT2
shuffle_2,31,ARSI
shuffle_2,32,EDIL3
shuffle_2,33,COLEC12
shuffle_2,34,BTN2A3P
shuffle_2,35,ARHGAP23
shuffle_2,36,PIEZO2
shuffle_2,37,DIPK2B
shuffle_2,38,ENSG00000287306
shuffle_2,39,PTPRZ1
shuffle_2,40,ENSG00000273013
shuffle_2,41,ENSG00000256433
shuffle_3,1,LINC02283
shuffle_3,2,ENSG00000286271
shuffle_3,3,ENTREP1
shuffle_3,4,ISL1
shuffle_3,5,CLEC9A
shuffle_3,6,LINC00399
shuffle_3,7,ENSG00000226954
shuffle_3,8,CNN2P3
shuffle_3,9,ZNF486
shuffle_3,10,MNDA
shuffle_3,11,TSPO
shuffle_3,12,LINC00877
shuffle_3,13,EHF
shuffle_3,14,MMP3
shuffle_3,15,BAMBI
shuffle_3,16,MTUS1
shuffle_3,17,ENSG00000234436
shuffle_3,18,MIDEAS-AS1
shuffle_3,19,ACSS1
shuffle_3,20,ENSG00000287024
shuffle_3,21,SPOCK1
shuffle_3,22,ENSG00000285714
shuffle_3,23,LGR5
shuffle_3,24,KRT18
shuffle_3,25,ALG10
shuffle_3,26,ENSG00000279648
shuffle_3,27,PGGHG
shuffle_3,28,PDGFD
shuffle_3,29,ENSG00000287689
shuffle_3,30,CPA2
shuffle_3,31,DOCK5
shuffle_3,32,ENSG00000280424
shuffle_3,33,TREH
shuffle_3,34,FOXD2
shuffle_3,35,TOR4A
shuffle_3,36,PRSS57
shuffle_3,37,SAMD9
shuffle_3,38,ENSG00000262921
shuffle_3,39,POT1-AS1
shuffle_3,40,TLCD1
shuffle_3,41,CCDC200
shuffle_4,1,ENSG00000287984
shuffle_4,2,MAL
shuffle_4,3,KCNH8
shuffle_4,4,FOXD2
shuffle_4,5,LYN
shuffle_4,6,MEF2B
shuffle_4,7,ENSG00000259780
shuffle_4,8,L3MBTL4
shuffle_4,9,ENSG00000253427
shuffle_4,10,ATP13A4
shuffle_4,11,ENSG00000224844
shuffle_4,12,PCDH17
shuffle_4,13,THSD7A
shuffle_4,14,LINC01944
shuffle_4,15,ENSG00000267879
shuffle_4,16,ENSG00000255641
shuffle_4,17,HIF3A
shuffle_4,18,ENSG00000254991
shuffle_4,19,NOL8
shuffle_4,20,NXPH1
shuffle_4,21,CCR5AS
shuffle_4,22,CMTM5
shuffle_4,23,ENSG00000273507
shuffle_4,24,CASP1
shuffle_4,25,MEGF10
shuffle_4,26,ENSG00000280850
shuffle_4,27,MYH6
shuffle_4,28,SLC44A1
shuffle_4,29,WDFY4
shuffle_4,30,ENSG00000228692
shuffle_4,31,ADAMTS9-AS2
shuffle_4,32,HOXA11
shuffle_4,33,BGN
shuffle_4,34,ARHGAP40
shuffle_4,35,ENSG00000230960
shuffle_4,36,LIM2
shuffle_4,37,C1QC
shuffle_4,38,MAPK8IP1P2
shuffle_4,39,TMEM125
shuffle_4,40,BAGE2
shuffle_4,41,ENSG00000253474
shuffle_5,1,SON
shuffle_5,2,NXPH1
shuffle_5,3,SELENOP
shuffle_5,4,KRT18P24
shuffle_5,5,LINC02775
shuffle_5,6,MBP
shuffle_5,7,ENSG00000236504
shuffle_5,8,WDCP
shuffle_5,9,TP53INP1
shuffle_5,10,SMIM28
shuffle_5,11,TM4SF1
shuffle_5,12,PTN
shuffle_5,13,KNOP1
shuffle_5,14,MRC1
shuffle_5,15,GREM1-AS1
shuffle_5,16,YWHAQP7
shuffle_5,17,RHOU
shuffle_5,18,LINC01609
shuffle_5,19,ENSG00000287741
shuffle_5,20,SIGLEC10
shuffle_5,21,TLR10
shuffle_5,22,HLA-DRB5
shuffle_5,23,SPINT4
shuffle_5,24,ENSG00000253673
shuffle_5,25,VAV3
shuffle_5,26,BCAS1
shuffle_5,27,GAD2
shuffle_5,28,VIM
shuffle_5,29,HSP90AA3P
shuffle_5,30,CIMAP1B
shuffle_5,31,SP100
shuffle_5,32,RNF220
shuffle_5,33,ERVK3-1
shuffle_5,34,RGS10
shuffle_5,35,CPNE2
shuffle_5,36,UBE2Q2P13
shuffle_5,37,ENSG00000289011
shuffle_5,38,FTH1P7
shuffle_5,39,NANOGNB
shuffle_5,40,HIF3A
shuffle_5,41,ATP1A2
shuffle_6,1,LTC4S
shuffle_6,2,LECT2
shuffle_6,3,AMN
shuffle_6,4,TLX1NB
shuffle_6,5,DOK1
shuffle_6,6,SCHLAP1
shuffle_6,7,FRMD5
shuffle_6,8,PPP1R3D
shuffle_6,9,CDK19
shuffle_6,10,MIR219A2HG
shuffle_6,11,PREX1
shuffle_6,12,LINC02123
shuffle_6,13,ENSG00000253854
shuffle_6,14,ENSG00000287092
shuffle_6,15,GLIS3
shuffle_6,16,PIGR
shuffle_6,17,LRMDA
shuffle_6,18,LINC01896
shuffle_6,19,NPC1
shuffle_6,20,ENSG00000286101
shuffle_6,21,ENSG00000262877
shuffle_6,22,RNF125
shuffle_6,23,FYB1
shuffle_6,24,ENSG00000289089
shuffle_6,25,CCR5AS
shuffle_6,26,MGC16275
shuffle_6,27,SDK1
shuffle_6,28,HERC2P3
shuffle_6,29,ENSG00000234238
shuffle_6,30,RYR3
shuffle_6,31,LAT
shuffle_6,32,BARHL2
shuffle_6,33,PCDH15
shuffle_6,34,LINC02128
shuffle_6,35,ENSG00000279025
shuffle_6,36,GIMAP6
shuffle_6,37,ENSG00000203825
shuffle_6,38,FKBP5
shuffle_6,39,ENSG00000285695
shuffle_6,40,LINC00851
shuffle_6,41,GALNT6
shuffle_7,1,LINC00251
shuffle_7,2,CBLN2
shuffle_7,3,LINC01694
shuffle_7,4,TWF1P1
shuffle_7,5,BAMBI
shuffle_7,6,PDE4B
shuffle_7,7,GPC5
shuffle_7,8,ENSG00000255094
shuffle_7,9,SOX3
shuffle_7,10,ENSG00000288087
shuffle_7,11,GNG7
shuffle_7,12,ENSG00000274310
shuffle_7,13,IHH
shuffle_7,14,LINC01846
shuffle_7,15,PCSK6
shuffle_7,16,LST1
shuffle_7,17,GPR37L1
shuffle_7,18,TCF23
shuffle_7,19,LUZP2
shuffle_7,20,Y_RNA-498
shuffle_7,21,ERMN
shuffle_7,22,LILRB4
shuffle_7,23,LRIG1
shuffle_7,24,LINC01023
shuffle_7,25,DIP2B
shuffle_7,26,HOXC4
shuffle_7,27,EPHA6
shuffle_7,28,TRIM38
shuffle_7,29,TP53INP1
shuffle_7,30,MLKL
shuffle_7,31,CFAP97D1
shuffle_7,32,SPATA6
shuffle_7,33,ADM
shuffle_7,34,ANLN
shuffle_7,35,TRGVB
shuffle_7,36,DTL
shuffle_7,37,LINC01748
shuffle_7,38,NEK3
shuffle_7,39,SLAIN1
shuffle_7,40,LINC00954
shuffle_7,41,SASH3
shuffle_8,1,CYTH1P1
shuffle_8,2,ENSG00000284341
shuffle_8,3,PLLP
shuffle_8,4,AASS
shuffle_8,5,CCDC200
shuffle_8,6,KLHL4
shuffle_8,7,LINC00844
shuffle_8,8,POTEI
shuffle_8,9,SLC2A4
shuffle_8,10,ENSG00000250865
shuffle_8,11,DCC
shuffle_8,12,RN7SL596P
shuffle_8,13,ANO4
shuffle_8,14,ENSG00000270099
shuffle_8,15,ADGRG3
shuffle_8,16,ENSG00000226838
shuffle_8,17,ENSG00000287870
shuffle_8,18,LINC00709
shuffle_8,19,CASP4
shuffle_8,20,CNN2
shuffle_8,21,ENSG00000226772
shuffle_8,22,DNAJB2
shuffle_8,23,RNF125
shuffle_8,24,HLA-DPA1
shuffle_8,25,COX15
shuffle_8,26,EPDR1
shuffle_8,27,PLD1
shuffle_8,28,GPIHBP1
shuffle_8,29,TASL
shuffle_8,30,ENSG00000288576
shuffle_8,31,LINC01053
shuffle_8,32,ENSG00000272555
shuffle_8,33,NASP
shuffle_8,34,ENSG00000286068
shuffle_8,35,TLR7
shuffle_8,36,MFNG
shuffle_8,37,TRIM38
shuffle_8,38,OLIG1
shuffle_8,39,RNF220
shuffle_8,40,SLC7A10
shuffle_8,41,DIPK1C
shuffle_9,1,RUNX3
shuffle_9,2,ENSG00000265995
shuffle_9,3,ENSG00000239969
shuffle_9,4,FBXL7
shuffle_9,5,ENSG00000232175
shuffle_9,6,MS4A14
shuffle_9,7,PPP1R14A
shuffle_9,8,ROBO4
shuffle_9,9,KCTD11
shuffle_9,10,ACACB
shuffle_9,11,SYNJ2
shuffle_9,12,PRSS57
shuffle_9,13,ENSG00000285714
shuffle_9,14,GPIHBP1
shuffle_9,15,RNASE1
shuffle_9,16,RDH10
shuffle_9,17,MMP3
shuffle_9,18,CD37
shuffle_9,19,VAC14-AS1
shuffle_9,20,ZBTB42
shuffle_9,21,CARD6
shuffle_9,22,SLC2A4
shuffle_9,23,HSPA2
shuffle_9,24,CHRM5
shuffle_9,25,PGAM1P5
shuffle_9,26,SLCO1A2
shuffle_9,27,LINC02710
shuffle_9,28,ENSG00000260515
shuffle_9,29,HLA-DRA
shuffle_9,30,CLEC19A
shuffle_9,31,NAGS
shuffle_9,32,MED15P5
shuffle_9,33,ANKDD1A
shuffle_9,34,ENSG00000243276
shuffle_9,35,EPCAM-DT
shuffle_9,36,CLEC4C
shuffle_9,37,RBP7
shuffle_9,38,COL5A3
shuffle_9,39,ALG10
shuffle_9,40,AXL
shuffle_9,41,RAB40AL
shuffle_10,1,CTSE
shuffle_10,2,TRIM38
shuffle_10,3,RBP7
shuffle_10,4,ZNF385D
shuffle_10,5,BAZ1B
shuffle_10,6,MT1X
shuffle_10,7,FKBP1C
shuffle_10,8,ENSG00000287333
shuffle_10,9,ACSS1
shuffle_10,10,CPB1
shuffle_10,11,LINC02127
shuffle_10,12,PCDHA6
shuffle_10,13,IL18
shuffle_10,14,SILC1
shuffle_10,15,SMPD5
shuffle_10,16,TRIM56
shuffle_10,17,LINC01527
shuffle_10,18,C5orf67
shuffle_10,19,SHTN1
shuffle_10,20,INPP5D
shuffle_10,21,LDB3
shuffle_10,22,SDCBP2-AS1
shuffle_10,23,PGR
shuffle_10,24,OR9K1P
shuffle_10,25,ZSCAN5B
shuffle_10,26,VTI1BP2
shuffle_10,27,APOD
shuffle_10,28,CD86
shuffle_10,29,ENSG00000286713
shuffle_10,30,SERPINA1
shuffle_10,31,PAQR6
shuffle_10,32,ENPP2
shuffle_10,33,BST2
shuffle_10,34,SETP2
shuffle_10,35,ENSG00000272366
shuffle_10,36,ENSG00000241255
shuffle_10,37,LRRC1
shuffle_10,38,PGGHG
shuffle_10,39,HCLS1
shuffle_10,40,ENSG00000253154
shuffle_10,41,IQCA1
shuffle_11,1,KAT2B
shuffle_11,2,GOLGA2P9
shuffle_11,3,CYBA
shuffle_11,4,CARNS1
shuffle_11,5,CXCR4
shuffle_11,6,ENSG00000289320
shuffle_11,7,ENSG00000272908
shuffle_11,8,FTL
shuffle_11,9,SLC7A10
shuffle_11,10,ENSG00000286101
shuffle_11,11,SAP25
shuffle_11,12,ANKRD44
shuffle_11,13,TPPP3
shuffle_11,14,PLD5
shuffle_11,15,HLA-DRB5
shuffle_11,16,ANKRD12
shuffle_11,17,BEST1
shuffle_11,18,ENSG00000274723
shuffle_11,19,H1-3
shuffle_11,20,RAD51B
shuffle_11,21,BAGE2
shuffle_11,22,LINC02473
shuffle_11,23,TAL1
shuffle_11,24,ENSG00000228587
shuffle_11,25,FKBP6
shuffle_11,26,ENSG00000285534
shuffle_11,27,ENSG00000250865
shuffle_11,28,TBXAS1
shuffle_11,29,ENSG00000260360
shuffle_11,30,HPGDS
shuffle_11,31,ENSG00000241345
shuffle_11,32,PRR5L
shuffle_11,33,ANGPT2
shuffle_11,34,ATP6V0D2
shuffle_11,35,ENSG00000234238
shuffle_11,36,ENSG00000253854
shuffle_11,37,FA2H
shuffle_11,38,IP6K3
shuffle_11,39,FCAMR
shuffle_11,40,MRPS31P5
shuffle_11,41,ST6GAL1
shuffle_12,1,ENSG00000232896
shuffle_12,2,ZIC1
shuffle_12,3,SCN4A
shuffle_12,4,CYP2C58P
shuffle_12,5,IFI44
shuffle_12,6,GPR37
shuffle_12,7,LINC02649
shuffle_12,8,FABP12
shuffle_12,9,RBP1
shuffle_12,10,OR9G4
shuffle_12,11,EIF3C
shuffle_12,12,CD82
shuffle_12,13,IFI44L
shuffle_12,14,ENSG00000262231
shuffle_12,15,ENSG00000259711
shuffle_12,16,ENSG00000253154
shuffle_12,17,UACA
shuffle_12,18,LINC01221
shuffle_12,19,FKBP5
shuffle_12,20,TMC6
shuffle_12,21,PTAFR
shuffle_12,22,RN7SL272P
shuffle_12,23,TOR4A
shuffle_12,24,BAZ1B
shuffle_12,25,SVEP1
shuffle_12,26,ENSG00000219622
shuffle_12,27,SLC2A5
shuffle_12,28,TST
shuffle_12,29,DIPK2B
shuffle_12,30,LINC02377
shuffle_12,31,CMTM5
shuffle_12,32,LITAF
shuffle_12,33,ENSG00000267879
shuffle_12,34,ENSG00000289159
shuffle_12,35,ENSG00000255085
shuffle_12,36,LINC02283
shuffle_12,37,CCDC169
shuffle_12,38,ENSG00000277128
shuffle_12,39,LINC02766
shuffle_12,40,LRMDA
shuffle_12,41,ENSG00000286870
shuffle_13,1,ORMDL2
shuffle_13,2,EDRF1-DT
shuffle_13,3,ENSG00000228692
shuffle_13,4,BMPR1B
shuffle_13,5,ZNF479
shuffle_13,6,STEAP1B
shuffle_13,7,ENSG00000227743
shuffle_13,8,DOCK5
shuffle_13,9,ENSG00000240040
shuffle_13,10,CDC42EP1
shuffle_13,11,ENSG00000287544
shuffle_13,12,SIX1
shuffle_13,13,HIPK2
shuffle_13,14,ENPP2
shuffle_13,15,LINC01221
shuffle_13,16,LINC03048
shuffle_13,17,CD84
shuffle_13,18,HSPA1A
shuffle_13,19,VTRNA1-2
shuffle_13,20,TSPO
shuffle_13,21,TST
shuffle_13,22,LHFPL3
shuffle_13,23,GLIS3
shuffle_13,24,ARSH
shuffle_13,25,ENSG00000241345
shuffle_13,26,SPATA6
shuffle_13,27,ENSG00000227139
shuffle_13,28,ENSG00000279134
shuffle_13,29,SDCBP2-AS1
shuffle_13,30,PIGR
shuffle_13,31,MILR1
shuffle_13,32,CASP4
shuffle_13,33,APOBR
shuffle_13,34,LINC02642
shuffle_13,35,ENSG00000286695
shuffle_13,36,ENSG00000250038
shuffle_13,37,ENSG00000279717
shuffle_13,38,ATP13A4
shuffle_13,39,LINC02783
shuffle_13,40,FCHSD2
shuffle_13,41,CD14
shuffle_14,1,CDK19
shuffle_14,2,SRRM1
shuffle_14,3,HDAC2-AS2
shuffle_14,4,KIF19
shuffle_14,5,APOBR
shuffle_14,6,NHSL1
shuffle_14,7,TBXAS1
shuffle_14,8,WAKMAR2
shuffle_14,9,ENPP2
shuffle_14,10,GOLGA6EP
shuffle_14,11,JMJD7-PLA2G4B
shuffle_14,12,HIF3A
shuffle_14,13,ANKDD1A
shuffle_14,14,ENSG00000251339
shuffle_14,15,ENSG00000285886
shuffle_14,16,CASP5
shuffle_14,17,CECR2
shuffle_14,18,LECT2
shuffle_14,19,LINC02100
shuffle_14,20,ZNF804A
shuffle_14,21,ENSG00000255057
shuffle_14,22,H2BC21
shuffle_14,23,CWF19L2
shuffle_14,24,IFITM3
shuffle_14,25,ZNF886P
shuffle_14,26,UACA
shuffle_14,27,RUNX1
shuffle_14,28,FCAMR
shuffle_14,29,ENSG00000257997
shuffle_14,30,DOK1
shuffle_14,31,MITF
shuffle_14,32,NPM1P9
shuffle_14,33,ENSG00000258410
shuffle_14,34,IRF7
shuffle_14,35,KRT18
shuffle_14,36,SLFN14
shuffle_14,37,DSG1
shuffle_14,38,BAMBI
shuffle_14,39,LINC00499
shuffle_14,40,SLC24A3
shuffle_14,41,DOCK2
shuffle_15,1,VAV1
shuffle_15,2,TM4SF1
shuffle_15,3,LAMA2
shuffle_15,4,SAA1
shuffle_15,5,IFITM3
shuffle_15,6,SYK
shuffle_15,7,ENSG00000249655
shuffle_15,8,ENSG00000286220
shuffle_15,9,KRT18
shuffle_15,10,VAC14-AS1
shuffle_15,11,CLDN5
shuffle_15,12,TMEM98
shuffle_15,13,MITF
shuffle_15,14,LINC00391
shuffle_15,15,EIF2S2P3
shuffle_15,16,MFNG
shuffle_15,17,ENSG00000253177
shuffle_15,18,MRC1
shuffle_15,19,RBM47
shuffle_15,20,HSPA1A
shuffle_15,21,H1-2
shuffle_15,22,ENSG00000286291
shuffle_15,23,TMEM156
shuffle_15,24,RGR
shuffle_15,25,INPP5D
shuffle_15,26,EIF3C
shuffle_15,27,IL1A
shuffle_15,28,SDK1
shuffle_15,29,ENSG00000266283
shuffle_15,30,DAPK2
shuffle_15,31,KCTD11
shuffle_15,32,SIPA1
shuffle_15,33,TFCP2L1
shuffle_15,34,FAM131C2P
shuffle_15,35,AQP5
shuffle_15,36,SLC1A2
shuffle_15,37,MIR325HG
shuffle_15,38,MFRP
shuffle_15,39,VNN2
shuffle_15,40,SNX22
shuffle_15,41,ENSG00000271579
shuffle_16,1,LINC01139
shuffle_16,2,FOXD2
shuffle_16,3,LINC00877
shuffle_16,4,ENSG00000261195
shuffle_16,5,MYO1E
shuffle_16,6,LINC01609
shuffle_16,7,MAL
shuffle_16,8,MS4A6A
shuffle_16,9,LUC7L3
shuffle_16,10,ENSG00000248964
shuffle_16,11,LAYN
shuffle_16,12,ENSG00000273355
shuffle_16,13,ALOX5
shuffle_16,14,TFCP2L1
shuffle_16,15,ENSG00000289430
shuffle_16,16,OR6X1
shuffle_16,17,ENSG00000251170
shuffle_16,18,PON2
shuffle_16,19,ENSG00000253154
shuffle_16,20,ENSG00000287326
shuffle_16,21,FKBP6
shuffle_16,22,CHRM5
shuffle_16,23,ENSG00000218586
shuffle_16,24,PDGFD
shuffle_16,25,VESTAR
shuffle_16,26,LINC01846
shuffle_16,27,EGFR
shuffle_16,28,MIR1268A
shuffle_16,29,KRT18P24
shuffle_16,30,ENSG00000264695
shuffle_16,31,ENSG00000232193
shuffle_16,32,BNC2
shuffle_16,33,MSLN
shuffle_16,34,ENSG00000250613
shuffle_16,35,VTRNA1-1
shuffle_16,36,ENSG00000276509
shuffle_16,37,RTKN
shuffle_16,38,MIR9-1HG
shuffle_16,39,PPP1R14A
shuffle_16,40,LINC01958
shuffle_16,41,ENSG00000266283
shuffle_17,1,PDLIM2
shuffle_17,2,LINC00609
shuffle_17,3,DENND2A
shuffle_17,4,LINC00278
shuffle_17,5,SLC51B
shuffle_17,6,KCNQ1-AS1
shuffle_17,7,ENSG00000243655
shuffle_17,8,PITPNC1
shuffle_17,9,MS4A14
shuffle_17,10,ENSG00000227088
shuffle_17,11,RBMS3
shuffle_17,12,ENSG00000260370
shuffle_17,13,ENSG00000287847
shuffle_17,14,ENSG00000253300
shuffle_17,15,ENSG00000273355
shuffle_17,16,FCHSD2
shuffle_17,17,PADI2
shuffle_17,18,Y_RNA-627
shuffle_17,19,CSF3R
shuffle_17,20,CPA2
shuffle_17,21,HOXC13
shuffle_17,22,ENSG00000269446
shuffle_17,23,CFAP418
shuffle_17,24,SLCO1B1
shuffle_17,25,RREB1
shuffle_17,26,ENSG00000259882
shuffle_17,27,LINC02485
shuffle_17,28,ENSG00000287092
shuffle_17,29,CCP110
shuffle_17,30,LYPD3
shuffle_17,31,ENSG00000227531
shuffle_17,32,NOP56P1
shuffle_17,33,HOTTIP
shuffle_17,34,TRIML1
shuffle_17,35,ENSG00000279134
shuffle_17,36,TRBVB
shuffle_17,37,LINC03002
shuffle_17,38,MT3
shuffle_17,39,EYA2
shuffle_17,40,SLC6A12
shuffle_17,41,MIR17HG
shuffle_18,1,ZMAT1
shuffle_18,2,CFAP97D1
shuffle_18,3,RAD51B
shuffle_18,4,MNDA
shuffle_18,5,TBCB
shuffle_18,6,HCG22
shuffle_18,7,SPHKAP
shuffle_18,8,ENSG00000287342
shuffle_18,9,PTPRZ1
shuffle_18,10,ENSG00000226772
shuffle_18,11,PRICKLE3
shuffle_18,12,PARD3B
shuffle_18,13,ADAMTS14
shuffle_18,14,ENSG00000288932
shuffle_18,15,ENSG00000257452
shuffle_18,16,ARHGAP24
shuffle_18,17,ENSG00000283156
shuffle_18,18,ENSG00000254111
shuffle_18,19,ENSG00000278254
shuffle_18,20,MUC22
shuffle_18,21,PDZRN4
shuffle_18,22,LINC02845
shuffle_18,23,SNHG18
shuffle_18,24,ENSG00000287628
shuffle_18,25,ZFP36
shuffle_18,26,PRIMA1
shuffle_18,27,ADCY8
shuffle_18,28,CDC20-DT
shuffle_18,29,ENSG00000272988
shuffle_18,30,MEPE
shuffle_18,31,LINC03048
shuffle_18,32,NCF4
shuffle_18,33,LINC00608
shuffle_18,34,CD300LB
shuffle_18,35,FOXF1
shuffle_18,36,GNG5
shuffle_18,37,OLA1P3
shuffle_18,38,ENSG00000227743
shuffle_18,39,TLR3
shuffle_18,40,CARNS1
shuffle_18,41,PLPP2
shuffle_19,1,ID3
shuffle_19,2,LRP10
shuffle_19,3,EEF1DP5
shuffle_19,4,PPM1B-DT
shuffle_19,5,SCIN
shuffle_19,6,FOXD2
shuffle_19,7,FAM124A
shuffle_19,8,TFAP2C
shuffle_19,9,APOE
shuffle_19,10,TRIML1
shuffle_19,11,SLC14A1
shuffle_19,12,ENSG00000228793
shuffle_19,13,CD300A
shuffle_19,14,LINC02377
shuffle_19,15,MUC1
shuffle_19,16,ENSG00000286321
shuffle_19,17,SLC9A9
shuffle_19,18,ENSG00000267879
shuffle_19,19,LINC02485
shuffle_19,20,GSN
shuffle_19,21,ENSG00000286536
shuffle_19,22,ENSG00000259862
shuffle_19,23,ENSG00000289456
shuffle_19,24,ST6GAL1
shuffle_19,25,PHGDH
shuffle_19,26,NOP56P1
shuffle_19,27,WDTC1-DT
shuffle_19,28,ENSG00000254753
shuffle_19,29,TNFRSF13C
shuffle_19,30,SASH1
shuffle_19,31,BCAS1
shuffle_19,32,ENSG00000272384
shuffle_19,33,ENSG00000251033
shuffle_19,34,FEZF1
shuffle_19,35,CD82
shuffle_19,36,ENSG00000232058
shuffle_19,37,RNU6-336P
shuffle_19,38,LINC01795
shuffle_19,39,IRF7
shuffle_19,40,MT1E
shuffle_19,41,ENSG00000253515
shuffle_20,1,ENSG00000268566
shuffle_20,2,RASAL3
shuffle_20,3,SNX22
shuffle_20,4,EIF5B
shuffle_20,5,LINC02047
shuffle_20,6,LPAR4
shuffle_20,7,SYK
shuffle_20,8,LAMB2
shuffle_20,9,ENSG00000269066
shuffle_20,10,TNFAIP8
shuffle_20,11,TMEM273
shuffle_20,12,LAIR1
shuffle_20,13,FAM225A
shuffle_20,14,ENSG00000274835
shuffle_20,15,MILR1
shuffle_20,16,IL13RA1
shuffle_20,17,LINC01505
shuffle_20,18,ENSG00000287975
shuffle_20,19,SLC5A11
shuffle_20,20,KCTD11
shuffle_20,21,LGALS9
shuffle_20,22,FAM124A
shuffle_20,23,NKAIN3
shuffle_20,24,MIR4300HG
shuffle_20,25,C10orf90
shuffle_20,26,ENSG00000286271
shuffle_20,27,ENSG00000279043
shuffle_20,28,LINC02642
shuffle_20,29,TNFRSF13C
shuffle_20,30,ENSG00000274723
shuffle_20,31,ENSG00000288799
shuffle_20,32,ENSG00000227139
shuffle_20,33,USP9YP3
shuffle_20,34,PDE1C
shuffle_20,35,FLI1
shuffle_20,36,REV3L-IT1
shuffle_20,37,PDGFD
shuffle_20,38,OLA1P3
shuffle_20,39,ENSG00000225230
shuffle_20,40,LINC02055
shuffle_20,41,SCD
shuffle_21,1,ANO4
shuffle_21,2,PCDH17
shuffle_21,3,WDTC1-DT
shuffle_21,4,ENSG00000227088
shuffle_21,5,PARD3B
shuffle_21,6,ANKRD11P1
shuffle_21,7,FTH1P10
shuffle_21,8,IFNA1
shuffle_21,9,PYGM
shuffle_21,10,LINC00251
shuffle_21,11,LPAR4
shuffle_21,12,TMC6
shuffle_21,13,ENSG00000258108
shuffle_21,14,PARD3
shuffle_21,15,ENSG00000286279
shuffle_21,16,GPR37
shuffle_21,17,OTX1
shuffle_21,18,ENSG00000288576
shuffle_21,19,ADM
shuffle_21,20,LILRB1
shuffle_21,21,TP53INP1
shuffle_21,22,SINHCAF
shuffle_21,23,PPM1B-DT
shuffle_21,24,WHRN
shuffle_21,25,LINC01836
shuffle_21,26,CNN2
shuffle_21,27,QDPR
shuffle_21,28,LINC03043
shuffle_21,29,LINC00992
shuffle_21,30,ARHGAP6
shuffle_21,31,MPIG6B
shuffle_21,32,ENSG00000240478
shuffle_21,33,CFAP144
shuffle_21,34,NCKAP5
shuffle_21,35,LNC-LBCS
shuffle_21,36,AMPD1
shuffle_21,37,GOLGA2P9
shuffle_21,38,ERBIN
shuffle_21,39,SIGLEC10
shuffle_21,40,LINC02100
shuffle_21,41,CSF1R
shuffle_22,1,GOLGA8J
shuffle_22,2,MIR17HG
shuffle_22,3,LINC02511
shuffle_22,4,C5orf67
shuffle_22,5,HPGDS
shuffle_22,6,PTN
shuffle_22,7,SPON1
shuffle_22,8,SRARP
shuffle_22,9,TSNAXIP1
shuffle_22,10,CERNA2
shuffle_22,11,DOCK2
shuffle_22,12,ENSG00000267092
shuffle_22,13,ZNF385D
shuffle_22,14,C22orf31
shuffle_22,15,ELF4
shuffle_22,16,FMO4
shuffle_22,17,TMEM165
shuffle_22,18,TNFRSF12A
shuffle_22,19,ANO4
shuffle_22,20,SRRM1
shuffle_22,21,TGFBR2
shuffle_22,22,FTH1P7
shuffle_22,23,H2BC11
shuffle_22,24,DLL1
shuffle_22,25,LINC00899
shuffle_22,26,HAPLN2
shuffle_22,27,ENSG00000258272
shuffle_22,28,SLC14A1
shuffle_22,29,ENSG00000266928
shuffle_22,30,LINC02435
shuffle_22,31,ENSG00000286541
shuffle_22,32,ENSG00000276407
shuffle_22,33,ENSG00000234147
shuffle_22,34,RNU6-600P
shuffle_22,35,RGS10
shuffle_22,36,VSIG4
shuffle_22,37,C8orf34
shuffle_22,38,BIN1
shuffle_22,39,IL2RA
shuffle_22,40,HINT2
shuffle_22,41,HSPE1P10
shuffle_23,1,PTPRC
shuffle_23,2,TTYH2
shuffle_23,3,ENSG00000271519
shuffle_23,4,ADAMTS14
shuffle_23,5,ENSG00000276407
shuffle_23,6,AIF1L
shuffle_23,7,MS4A6A
shuffle_23,8,ENSG00000262877
shuffle_23,9,LINC01698
shuffle_23,10,S100A1
shuffle_23,11,ENSG00000288919
shuffle_23,12,HCG22
shuffle_23,13,FLT3LG
shuffle_23,14,ZSCAN5C
shuffle_23,15,JMJD7-PLA2G4B
shuffle_23,16,FASLG
shuffle_23,17,LIM2
shuffle_23,18,ENSG00000230160
shuffle_23,19,LINC01320
shuffle_23,20,ENSG00000287704
shuffle_23,21,ENSG00000273507
shuffle_23,22,LINC00858
shuffle_23,23,LAT
shuffle_23,24,ENSG00000286068
shuffle_23,25,LRIG1
shuffle_23,26,CASP5
shuffle_23,27,ENSG00000287119
shuffle_23,28,ENSG00000240143
shuffle_23,29,CSRP1
shuffle_23,30,RGS12
shuffle_23,31,ENSG00000233824
shuffle_23,32,OLIG1
shuffle_23,33,PAPLN
shuffle_23,34,ENSG00000288739
shuffle_23,35,NPFF
shuffle_23,36,NBPF4
shuffle_23,37,SVEP1
shuffle_23,38,PIP4K2A
shuffle_23,39,TMTC2
shuffle_23,40,HOTAIRM1
shuffle_23,41,SLC16A5
shuffle_24,1,ENSG00000232719
shuffle_24,2,ENSG00000286271
shuffle_24,3,VCAN
shuffle_24,4,CFAP418
shuffle_24,5,ABTB3
shuffle_24,6,EPHA1-AS1
shuffle_24,7,MEIS1
shuffle_24,8,SPATA6
shuffle_24,9,EN2
shuffle_24,10,ENSG00000198358
shuffle_24,11,PARD3B
shuffle_24,12,ENSG00000287333
shuffle_24,13,ENSG00000278642
shuffle_24,14,ENSG00000249655
shuffle_24,15,ENSG00000267042
shuffle_24,16,GJA3
shuffle_24,17,ENSG00000250613
shuffle_24,18,ANKRD11P1
shuffle_24,19,VTI1BP2
shuffle_24,20,SLC25A13
shuffle_24,21,ENSG00000289456
shuffle_24,22,PYCARD
shuffle_24,23,ADCY8
shuffle_24,24,FGR
shuffle_24,25,LINC00698
shuffle_24,26,NSRP1
shuffle_24,27,GNG7
shuffle_24,28,IL11RA
shuffle_24,29,ENSG00000225637
shuffle_24,30,OR5A1
shuffle_24,31,PI16
shuffle_24,32,OLIG1
shuffle_24,33,CYP11A1
shuffle_24,34,ENSG00000286068
shuffle_24,35,EDA
shuffle_24,36,STAB1
shuffle_24,37,FRMD5
shuffle_24,38,MTUS1-DT
shuffle_24,39,F3
shuffle_24,40,ENSG00000273214
shuffle_24,41,VTRNA1-1
shuffle_25,1,DOCK8-AS2
shuffle_25,2,LINC02473
shuffle_25,3,TRPC2
shuffle_25,4,RORB
shuffle_25,5,RHBDF2
shuffle_25,6,PNLIPRP2
shuffle_25,7,RAB20
shuffle_25,8,SHTN1
shuffle_25,9,LINC00899
shuffle_25,10,CBR1
shuffle_25,11,ALK
shuffle_25,12,PRICKLE3
shuffle_25,13,GAL3ST4
shuffle_25,14,LGALS9B
shuffle_25,15,PPP1R36
shuffle_25,16,RASSF10
shuffle_25,17,SREK1
shuffle_25,18,ENSG00000267168
shuffle_25,19,KLK6
shuffle_25,20,LINC02710
shuffle_25,21,ENSG00000286695
shuffle_25,22,CLEC7A
shuffle_25,23,ENSG00000287024
shuffle_25,24,DCLRE1CP1
shuffle_25,25,ASCL2
shuffle_25,26,ENSG00000287741
shuffle_25,27,ENSG00000289430
shuffle_25,28,ENSG00000287975
shuffle_25,29,ENSG00000289316
shuffle_25,30,ENSG00000242861
shuffle_25,31,OFD1
shuffle_25,32,CHD7
shuffle_25,33,TGIF2-RAB5IF
shuffle_25,34,HEPACAM
shuffle_25,35,ENSG00000287057
shuffle_25,36,LINC02845
shuffle_25,37,LINC02284
shuffle_25,38,LNCHR1
shuffle_25,39,LTC4S
shuffle_25,40,TLX1NB
shuffle_25,41,TAL1
