gene,rf_rank,seed_frequency
HSP90AA1,0,1.0
KCNIP4,1,1.0
SNHG14,2,1.0
RALYL,3,1.0
ERBB4,4,0.4
LUC7L3,5,1.0
COPG2,6,1.0
SLC24A2,7,1.0
WWOX,8,1.0
NCAM2,9,1.0
CNTN5,10,1.0
RBM25,11,1.0
ANKRD12,12,1.0
DOCK4,13,1.0
DPP10,14,1.0
FRMD5,15,1.0
SPOCK1,16,1.0
HS6ST3,17,1.0
FHIT,18,1.0
ROBO2,19,1.0
PLCL1,20,1.0
ELMO1,21,1.0
NPAS3,22,1.0
SLC44A1,23,1.0
ARAP2,24,1.0
MAN2A1,25,1.0
DPYD,26,0.9
GRID2,27,0.8
DIP2B,28,1.0
QKI,29,0.7
FRYL,30,1.0
ZEB2,31,0.5
TCF12,32,0.5
ZC3H13,33,0.8
EDIL3,34,0.9
PLXDC2,35,0.5
ZNF91,36,0.7
ENSG00000230021,37,0.4
PDE4B,38,0.1
PIP4K2A,39,0.1
SLAIN1,40,0.1
